,NR,WR,SR,ER,NER,TOTAL
2014-01-01,738,843,727,289,33,2630
2014-01-02,766,871,739,287,32,2694
2014-01-03,805,875,754,286,32,2753
2014-01-04,791,883,747,307,33,2760
2014-01-05,758,852,719,291,31,2651
2014-01-06,780,863,746,294,34,2717
2014-01-07,786,870,764,292,34,2747
2014-01-08,810,886,768,293,33,2791
2014-01-09,791,891,764,296,33,2775
2014-01-10,805,884,766,300,33,2789
2014-01-11,800,867,760,291,34,2751
2014-01-12,785,860,742,286,34,2707
2014-01-13,791,876,764,299,33,2763
2014-01-14,799,835,730,299,33,2696
2014-01-15,804,842,703,299,32,2679
2014-01-16,807,861,723,298,33,2723
2014-01-17,800,859,754,295,33,2741
2014-01-18,716,841,764,294,33,2648
2014-01-19,753,840,742,286,32,2653
2014-01-20,768,865,759,290,32,2714
2014-01-21,739,843,760,297,31,2669
2014-01-22,719,821,766,297,31,2634
2014-01-23,691,827,769,295,32,2613
2014-01-24,744,810,779,298,32,2662
2014-01-25,735,814,773,297,33,2652
2014-01-26,717,772,733,288,33,2542
2014-01-27,734,816,752,288,32,2622
2014-01-28,767,840,768,300,32,2707
2014-01-29,771,848,768,300,30,2716
2014-01-30,764,860,760,303,31,2718
2014-01-31,773,861,763,297,32,2725
2014-02-01,771,864,768,298,28,2729
2014-02-02,741,847,746,292,29,2656
2014-02-03,750,876,761,300,30,2717
2014-02-04,770,891,774,302,30,2767
2014-02-05,763,943,767,293,29,2795
2014-02-06,759,913,769,297,32,2771
2014-02-07,741,909,770,296,33,2749
2014-02-08,750,910,778,292,32,2761
2014-02-09,740,883,747,286,31,2687
2014-02-10,762,898,770,297,31,2758
2014-02-11,783,899,782,297,32,2794
2014-02-12,796,902,786,300,32,2816
2014-02-13,802,892,798,297,32,2820
2014-02-14,747,870,799,294,34,2743
2014-02-15,742,852,791,282,34,2701
2014-02-16,748,824,755,270,32,2628
2014-02-17,767,857,773,279,29,2705
2014-02-18,777,874,778,285,31,2745
2014-02-19,784,883,779,287,30,2763
2014-02-20,781,899,781,289,31,2780
2014-02-21,769,893,789,296,33,2779
2014-02-22,746,873,797,295,31,2742
2014-02-23,736,840,767,288,32,2662
2014-02-24,761,846,788,291,32,2718
2014-02-25,766,831,787,294,32,2710
2014-02-26,768,811,779,299,33,2691
2014-02-27,745,785,777,300,32,2639
2014-02-28,773,861,763,297,32,2725
2014-03-01,688,775,761,290,28,2542
2014-03-02,681,762,745,294,28,2511
2014-03-03,708,801,750,291,29,2578
2014-03-04,723,790,748,287,29,2577
2014-03-05,729,811,768,285,31,2623
2014-03-06,731,814,765,296,31,2638
2014-03-07,741,821,765,299,32,2658
2014-03-08,737,822,751,299,30,2640
2014-03-09,741,790,727,289,30,2577
2014-03-10,694,818,760,304,30,2605
2014-03-11,665,830,776,310,32,2613
2014-03-12,681,842,778,311,33,2645
2014-03-13,725,846,792,315,32,2710
2014-03-14,748,849,800,322,32,2751
2014-03-15,756,872,803,322,30,2783
2014-03-16,753,843,782,304,27,2709
2014-03-17,698,763,794,301,28,2584
2014-03-18,677,837,798,310,32,2653
2014-03-19,751,894,798,319,27,2789
2014-03-20,766,909,793,322,29,2818
2014-03-21,773,887,795,323,31,2809
2014-03-22,779,894,822,326,32,2853
2014-03-23,752,889,818,311,30,2800
2014-03-24,689,919,832,313,32,2786
2014-03-25,713,921,840,315,32,2822
2014-03-26,761,930,845,333,32,2902
2014-03-27,743,938,834,343,32,2890
2014-03-28,728,939,824,341,33,2865
2014-03-29,731,941,822,334,33,2861
2014-03-30,714,915,808,333,32,2802
2014-03-31,741,928,823,335,33,2860
2014-04-01,748,927,831,336,32,2874
2014-04-02,751,928,828,339,31,2877
2014-04-03,743,950,829,352,31,2905
2014-04-04,764,951,825,343,28,2911
2014-04-05,758,960,801,335,31,2885
2014-04-06,738,938,787,331,33,2826
2014-04-07,724,963,816,345,32,2880
2014-04-08,748,962,812,351,29,2902
2014-04-09,748,956,813,350,29,2896
2014-04-10,749,963,784,345,32,2872
2014-04-11,755,956,807,351,32,2900
2014-04-12,757,946,800,349,31,2884
2014-04-13,709,922,773,334,32,2769
2014-04-14,736,941,785,339,32,2832
2014-04-15,786,956,785,345,31,2903
2014-04-16,762,960,798,347,31,2898
2014-04-17,738,959,804,351,31,2884
2014-04-18,663,934,787,339,32,2755
2014-04-19,693,933,785,348,31,2791
2014-04-20,699,890,751,338,33,2710
2014-04-21,739,911,789,343,33,2816
2014-04-22,760,937,809,353,35,2893
2014-04-23,770,954,809,353,36,2921
2014-04-24,789,956,782,357,34,2918
2014-04-25,801,976,804,361,33,2975
2014-04-26,809,981,800,367,31,2989
2014-04-27,805,966,764,351,33,2919
2014-04-28,827,994,788,348,29,2985
2014-04-29,848,1001,794,351,31,3024
2014-04-30,858,965,783,357,31,2994
2014-05-01,875,934,753,340,31,2934
2014-05-02,861,939,759,315,30,2904
2014-05-03,846,961,760,288,30,2886
2014-05-04,840,929,741,282,30,2821
2014-05-05,833,960,746,290,30,2859
2014-05-06,878,966,748,316,31,2940
2014-05-07,901,961,697,322,26,2907
2014-05-08,847,960,666,330,27,2830
2014-05-09,860,949,655,331,29,2825
2014-05-10,852,942,685,322,31,2832
2014-05-11,827,911,688,317,31,2774
2014-05-12,828,944,730,334,30,2866
2014-05-13,740,941,761,344,31,2818
2014-05-14,706,930,775,321,32,2763
2014-05-15,786,941,780,331,32,2869
2014-05-16,820,948,804,340,34,2946
2014-05-17,821,928,782,349,34,2914
2014-05-18,803,908,743,345,31,2830
2014-05-19,825,933,750,356,32,2896
2014-05-20,863,948,740,351,32,2934
2014-05-21,883,948,754,359,33,2976
2014-05-22,904,955,759,355,32,3006
2014-05-23,891,936,774,352,32,2985
2014-05-24,868,932,760,358,31,2948
2014-05-25,823,903,715,325,30,2796
2014-05-26,856,938,695,306,31,2826
2014-05-27,911,939,725,291,32,2898
2014-05-28,933,945,718,292,32,2920
2014-05-29,935,947,726,329,32,2969
2014-05-30,874,952,748,350,34,2958
2014-05-31,886,950,754,315,34,2939
2014-06-01,843,912,731,314,34,2834
2014-06-02,885,932,744,321,34,2917
2014-06-03,927,926,665,337,35,2890
2014-06-04,946,952,734,343,35,3011
2014-06-05,976,945,741,342,36,3040
2014-06-06,975,956,744,358,36,3069
2014-06-07,1012,958,740,350,36,3095
2014-06-08,998,943,716,334,37,3028
2014-06-09,1007,961,713,338,35,3055
2014-06-10,1026,954,724,338,35,3077
2014-06-11,1029,940,750,346,36,3102
2014-06-12,956,920,756,355,36,3023
2014-06-13,910,929,748,348,37,2971
2014-06-14,940,915,758,339,37,2990
2014-06-15,964,883,724,336,35,2941
2014-06-16,1039,904,755,343,37,3077
2014-06-17,1050,908,772,347,36,3113
2014-06-18,1041,900,761,341,36,3078
2014-06-19,1052,907,768,331,36,3094
2014-06-20,1068,897,773,316,36,3090
2014-06-21,1044,901,773,306,35,3058
2014-06-22,1002,881,738,312,32,2965
2014-06-23,1008,916,765,337,33,3058
2014-06-24,1013,942,779,333,34,3101
2014-06-25,1013,953,785,334,35,3120
2014-06-26,1017,944,781,330,36,3109
2014-06-27,1032,929,782,324,38,3105
2014-06-28,1051,938,765,326,38,3119
2014-06-29,1018,932,752,321,38,3060
2014-06-30,1037,971,756,314,37,3115
2014-07-01,1010,980,769,304,39,3102
2014-07-02,1003,986,785,316,40,3131
2014-07-03,993,948,785,317,37,3080
2014-07-04,1006,955,778,312,37,3087
2014-07-05,1022,956,753,311,35,3078
2014-07-06,1007,925,725,320,35,3012
2014-07-07,1031,941,742,317,35,3066
2014-07-08,1063,939,739,339,38,3117
2014-07-09,1084,919,737,328,39,3106
2014-07-10,1071,914,717,343,40,3085
2014-07-11,1096,887,707,336,38,3064
2014-07-12,1072,870,709,344,38,3032
2014-07-13,1048,860,682,341,38,2968
2014-07-14,1050,874,715,347,38,3025
2014-07-15,1059,850,726,347,38,3019
2014-07-16,1028,805,730,340,40,2943
2014-07-17,1006,810,757,343,39,2954
2014-07-18,914,809,768,340,38,2869
2014-07-19,948,791,748,338,37,2861
2014-07-20,948,774,726,337,37,2822
2014-07-21,948,774,726,337,37,2822
2014-07-22,1002,802,750,320,36,2910
2014-07-23,1024,776,755,317,35,2906
2014-07-24,1004,754,748,340,39,2885
2014-07-25,1002,749,763,342,39,2895
2014-07-26,1008,771,765,342,34,2919
2014-07-27,1023,779,762,340,37,2942
2014-07-28,1006,775,725,334,38,2878
2014-07-29,986,789,738,342,38,2892
2014-07-30,975,773,740,345,38,2870
2014-07-31,995,764,747,350,37,2893
2014-08-01,1000,776,751,343,39,2909
2014-08-02,1005,762,742,353,39,2921
2014-08-03,989,769,706,333,38,2835
2014-08-04,993,786,744,320,38,2881
2014-08-05,953,769,758,315,39,2833
2014-08-06,973,766,767,337,37,2880
2014-08-07,957,785,783,347,38,2909
2014-08-08,966,795,779,339,38,2917
2014-08-09,956,801,758,342,39,2896
2014-08-10,915,762,728,323,38,2765
2014-08-11,948,745,768,338,38,2837
2014-08-12,950,823,759,340,39,2911
2014-08-13,981,839,772,342,39,2973
2014-08-14,1000,843,778,335,36,2992
2014-08-15,953,821,741,311,35,2861
2014-08-16,956,801,758,342,39,2896
2014-08-17,958,823,730,306,37,2853
2014-08-18,1003,832,742,322,37,2937
2014-08-19,1020,879,740,327,39,3004
2014-08-20,1034,893,735,321,38,3021
2014-08-21,1075,909,740,325,37,3086
2014-08-22,1082,901,749,335,37,3104
2014-08-23,1077,906,732,324,36,3075
2014-08-24,1072,860,701,324,36,2993
2014-08-25,1073,876,735,332,36,3052
2014-08-26,1089,875,739,338,36,3076
2014-08-27,1048,869,729,337,37,3020
2014-08-28,1048,849,708,322,37,2964
2014-08-29,1030,831,679,337,36,2912
2014-08-30,1035,848,681,336,36,2936
2014-08-31,987,783,666,324,37,2796
2014-09-01,949,783,706,309,38,2785
2014-09-02,914,784,730,312,38,2777
2014-09-03,890,787,758,322,39,2795
2014-09-04,811,781,765,329,38,2723
2014-09-05,731,794,775,333,38,2670
2014-09-06,744,789,737,326,37,2633
2014-09-07,770,765,686,327,36,2584
2014-09-08,831,743,719,318,38,2649
2014-09-09,868,749,749,344,38,2747
2014-09-10,859,774,784,342,38,2796
2014-09-11,857,790,798,349,39,2832
2014-09-12,830,801,807,353,39,2830
2014-09-13,837,811,798,339,39,2824
2014-09-14,820,799,756,335,38,2748
2014-09-15,853,833,762,343,38,2829
2014-09-16,888,849,758,348,39,2882
2014-09-17,926,843,757,345,39,2910
2014-09-18,950,869,764,344,38,2965
2014-09-19,977,908,769,347,38,3039
2014-09-20,996,886,755,327,38,3003
2014-09-21,976,881,732,308,37,2934
2014-09-22,970,932,761,315,31,3009
2014-09-23,979,957,750,316,31,3033
2014-09-24,971,979,744,333,35,3062
2014-09-25,986,955,748,337,35,3062
2014-09-26,960,995,745,334,36,3069
2014-09-27,930,1014,735,342,37,3057
2014-09-28,941,1000,718,334,36,3028
2014-09-29,925,1028,731,341,35,3059
2014-09-30,944,1021,730,344,38,3077
2014-10-01,935,1012,735,338,40,3060
2014-10-02,927,997,721,331,38,3013
2014-10-03,947,957,727,325,37,2993
2014-10-04,946,996,745,320,37,3044
2014-10-05,944,1005,741,332,38,3059
2014-10-06,959,1018,747,335,38,3096
2014-10-07,929,1009,751,335,39,3063
2014-10-08,860,1009,741,343,39,2992
2014-10-09,869,1003,747,347,39,3004
2014-10-10,861,1008,756,350,39,3014
2014-10-11,878,1014,750,346,39,3027
2014-10-12,839,979,683,301,38,2839
2014-10-13,843,961,719,301,40,2864
2014-10-14,748,983,738,321,40,2828
2014-10-15,749,984,737,323,38,2831
2014-10-16,747,1009,745,329,38,2868
2014-10-17,755,1003,738,340,38,2874
2014-10-18,760,993,709,327,36,2825
2014-10-19,759,984,669,313,34,2759
2014-10-20,778,1012,685,328,35,2839
2014-10-21,813,1014,685,328,37,2877
2014-10-22,826,989,644,335,39,2833
2014-10-23,790,903,627,335,38,2693
2014-10-24,744,853,658,335,38,2628
2014-10-25,756,840,652,327,37,2612
2014-10-26,762,836,600,322,36,2556
2014-10-27,785,888,631,320,36,2660
2014-10-28,785,919,650,319,37,2709
2014-10-29,761,932,674,326,36,2729
2014-10-30,783,935,681,323,36,2759
2014-10-31,799,942,701,325,36,2803
2014-11-01,781,945,685,323,36,2770
2014-11-02,757,945,652,312,36,2702
2014-11-03,771,978,683,311,36,2779
2014-11-04,773,980,707,306,36,2802
2014-11-05,769,993,715,309,37,2822
2014-11-06,776,991,726,314,37,2844
2014-11-07,778,990,732,314,36,2851
2014-11-08,783,989,731,313,36,2852
2014-11-09,771,970,704,308,36,2789
2014-11-10,762,995,725,317,36,2836
2014-11-11,775,1009,732,320,35,2870
2014-11-12,773,1005,715,312,35,2841
2014-11-13,780,1009,680,316,36,2820
2014-11-14,771,994,666,307,36,2773
2014-11-15,784,951,670,304,35,2744
2014-11-16,764,920,650,296,32,2662
2014-11-17,770,941,691,303,34,2740
2014-11-18,771,958,709,295,35,2767
2014-11-19,772,959,704,297,34,2766
2014-11-20,787,961,715,303,35,2800
2014-11-21,790,966,724,299,36,2865
2014-11-22,774,969,719,302,33,2797
2014-11-23,744,946,680,290,35,2695
2014-11-24,771,971,711,300,35,2788
2014-11-25,795,977,717,292,37,2816
2014-11-26,807,975,724,290,37,2833
2014-11-27,799,977,725,296,36,2832
2014-11-28,801,969,716,292,36,2814
2014-11-29,813,967,704,293,37,2814
2014-11-30,802,938,679,291,33,2742
2014-12-01,794,954,701,295,36,2780
2014-12-02,791,968,721,293,36,2809
2014-12-03,800,965,725,295,37,2822
2014-12-04,808,972,741,298,35,2854
2014-12-05,785,963,747,286,34,2816
2014-12-06,800,961,746,289,35,2830
2014-12-07,794,936,712,290,34,2767
2014-12-08,812,958,745,291,36,2841
2014-12-09,819,977,769,297,36,2899
2014-12-10,815,975,749,293,36,2868
2014-12-11,825,982,730,291,37,2865
2014-12-12,818,953,721,292,37,2821
2014-12-13,790,867,704,308,37,2706
2014-12-14,695,840,664,295,37,2530
2014-12-15,735,859,714,295,36,2639
2014-12-16,771,863,733,291,37,2695
2014-12-17,789,863,721,291,37,2701
2014-12-18,801,869,717,302,36,2725
2014-12-19,808,880,722,301,36,2747
2014-12-20,804,891,725,304,37,2760
2014-12-21,786,884,691,302,36,2700
2014-12-22,798,907,723,307,36,2771
2014-12-23,815,917,732,304,37,2804
2014-12-24,822,922,739,300,38,2820
2014-12-25,830,919,734,305,38,2824
2014-12-26,836,923,736,300,35,2829
2014-12-27,858,914,732,295,37,2836
2014-12-28,824,893,709,284,37,2747
2014-12-29,845,917,726,286,36,2810
2014-12-30,847,917,738,294,38,2833
2014-12-31,850,875,752,301,38,2816
2015-01-01,827,767,736,294,38,2662
2015-01-02,796,783,751,283,36,2648
2015-01-03,803,801,744,283,38,2669
2015-01-04,803,798,720,284,34,2639
2015-01-05,803,820,749,292,35,2699
2015-01-06,826,847,763,289,36,2762
2015-01-07,828,853,768,295,36,2779
2015-01-08,830,863,773,295,36,2797
2015-01-09,844,864,778,303,36,2825
2015-01-10,839,874,776,304,36,2829
2015-01-11,826,860,738,300,35,2760
2015-01-12,843,888,752,304,35,2822
2015-01-13,835,897,758,311,35,2835
2015-01-14,817,841,753,301,36,2749
2015-01-15,814,865,705,303,34,2721
2015-01-16,827,887,692,303,36,2744
2015-01-17,821,900,712,307,38,2779
2015-01-18,803,889,709,304,36,2741
2015-01-19,819,909,742,315,36,2821
2015-01-20,833,916,761,312,36,2859
2015-01-21,842,912,763,307,35,2859
2015-01-22,769,885,768,308,36,2765
2015-01-23,791,881,778,302,36,2788
2015-01-24,793,887,773,310,36,2798
2015-01-25,778,846,738,302,36,2701
2015-01-26,745,802,728,297,35,2608
2015-01-27,772,836,760,304,35,2708
2015-01-28,797,874,783,304,36,2794
2015-01-29,808,873,790,301,37,2809
2015-01-30,821,881,795,303,35,2835
2015-01-31,829,886,787,304,35,2841
2015-02-01,801,866,753,301,36,2757
2015-02-02,792,907,777,302,36,2813
2015-02-03,765,899,790,303,36,2793
2015-02-04,796,913,792,306,35,2842
2015-02-05,799,919,797,310,36,2861
2015-02-06,796,919,803,305,36,2860
2015-02-07,789,921,797,307,36,2850
2015-02-08,780,884,764,304,36,2768
2015-02-09,790,900,794,310,36,2830
2015-02-10,802,915,804,318,37,2875
2015-02-11,816,888,806,314,37,2861
2015-02-12,815,904,809,311,36,2874
2015-02-13,824,911,825,314,34,2908
2015-02-14,820,920,814,310,36,2900
2015-02-15,809,971,786,310,36,2913
2015-02-16,785,937,813,316,33,2885
2015-02-17,808,940,827,317,36,2928
2015-02-18,810,951,817,312,36,2926
2015-02-19,821,966,819,310,35,2952
2015-02-20,800,964,828,315,36,2942
2015-02-21,812,968,822,317,35,2954
2015-02-22,789,958,788,316,34,2884
2015-02-23,798,977,808,338,32,2953
2015-02-24,793,993,827,350,36,2998
2015-02-25,773,986,830,342,36,2967
2015-02-26,786,971,837,347,33,2973
2015-02-27,807,957,838,340,32,2974
2015-02-28,794,924,820,337,24,2899
2015-03-01,614,722,757,333,35,2461
2015-03-02,592,752,783,330,38,2494
2015-03-03,679,813,803,329,34,2658
2015-03-04,695,838,800,315,34,2683
2015-03-05,720,844,815,308,34,2720
2015-03-06,642,741,792,301,34,2509
2015-03-07,643,818,786,306,34,2587
2015-03-08,652,841,759,310,35,2597
2015-03-09,675,900,785,331,35,2725
2015-03-10,711,901,809,337,36,2795
2015-03-11,727,911,818,335,36,2827
2015-03-12,735,904,829,337,36,2841
2015-03-13,731,871,843,345,36,2826
2015-03-14,677,856,832,346,35,2746
2015-03-15,609,809,799,335,35,2586
2015-03-16,636,864,827,343,36,2706
2015-03-17,674,874,833,349,38,2767
2015-03-18,695,897,845,354,34,2825
2015-03-19,714,923,871,356,36,2900
2015-03-20,720,921,859,355,35,2889
2015-03-21,733,933,845,354,36,2902
2015-03-22,725,927,815,345,36,2848
2015-03-23,760,965,861,351,36,2973
2015-03-24,788,986,870,357,36,3037
2015-03-25,805,989,880,367,34,3075
2015-03-26,819,1013,893,368,37,3130
2015-03-27,799,993,878,354,36,3059
2015-03-28,807,986,870,343,34,3040
2015-03-29,730,941,841,352,35,2900
2015-03-30,685,945,856,329,35,2849
2015-03-31,731,961,861,317,33,2903
2015-04-01,732,954,859,331,35,2910
2015-04-02,734,964,862,330,32,2922
2015-04-03,668,957,862,341,31,2859
2015-04-04,645,951,855,338,28,2818
2015-04-05,662,944,838,322,22,2787
2015-04-06,697,974,868,326,29,2894
2015-04-07,696,977,864,328,32,2897
2015-04-08,716,988,858,321,31,2915
2015-04-09,726,988,857,330,34,2934
2015-04-10,750,982,861,343,33,2968
2015-04-11,727,934,830,346,36,2872
2015-04-12,690,840,745,333,36,2643
2015-04-13,710,872,723,344,36,2685
2015-04-14,720,879,706,349,36,2689
2015-04-15,751,907,718,348,36,2760
2015-04-16,743,935,734,348,37,2797
2015-04-17,764,957,748,350,36,2855
2015-04-18,765,966,735,344,30,2840
2015-04-19,757,965,738,344,29,2834
2015-04-20,791,1008,792,363,32,2986
2015-04-21,842,965,804,358,32,3000
2015-04-22,841,1017,805,335,29,3027
2015-04-23,852,1009,800,322,30,3013
2015-04-24,862,1000,757,301,30,2950
2015-04-25,829,993,722,275,31,2850
2015-04-26,802,949,709,299,34,2793
2015-04-27,825,987,745,310,34,2901
2015-04-28,839,994,780,286,36,2935
2015-04-29,859,1010,794,291,34,2987
2015-04-30,840,1010,786,324,34,2993
2015-05-01,837,954,751,325,34,2902
2015-05-02,848,987,775,328,33,2971
2015-05-03,840,974,740,324,33,2911
2015-05-04,881,985,778,330,32,3006
2015-05-05,891,977,784,347,33,3031
2015-05-06,915,987,791,352,34,3080
2015-05-07,915,1003,801,362,33,3113
2015-05-08,958,999,809,358,33,3157
2015-05-09,984,999,795,354,36,3169
2015-05-10,964,949,758,353,38,3062
2015-05-11,934,991,777,362,39,3103
2015-05-12,916,997,774,343,36,3067
2015-05-13,888,975,745,348,36,2991
2015-05-14,879,956,751,354,38,2978
2015-05-15,889,972,750,359,35,3006
2015-05-16,887,978,708,343,37,2954
2015-05-17,906,958,659,331,35,2890
2015-05-18,934,992,696,351,36,3009
2015-05-19,920,997,732,361,39,3050
2015-05-20,881,994,758,372,39,3044
2015-05-21,954,1006,788,374,41,3163
2015-05-22,969,1002,816,377,37,3201
2015-05-23,975,990,811,375,31,3182
2015-05-24,951,959,777,369,31,3087
2015-05-25,1000,997,815,370,33,3215
2015-05-26,1006,1006,844,357,34,3247
2015-05-27,1005,1024,820,368,35,3251
2015-05-28,986,1017,771,377,35,3186
2015-05-29,1025,1008,783,383,34,3232
2015-05-30,1016,992,761,382,35,3185
2015-05-31,949,974,734,360,35,3052
2015-06-01,887,977,726,366,34,2989
2015-06-02,906,935,745,367,35,2988
2015-06-03,885,964,752,372,36,3009
2015-06-04,898,980,761,372,38,3049
2015-06-05,931,966,755,372,38,3062
2015-06-06,954,971,744,369,37,3074
2015-06-07,972,936,707,358,37,3010
2015-06-08,1009,939,749,372,38,3107
2015-06-09,1013,949,763,373,37,3136
2015-06-10,1035,956,767,375,31,3164
2015-06-11,1030,935,788,356,34,3143
2015-06-12,1049,908,769,338,35,3099
2015-06-13,941,876,758,343,34,2953
2015-06-14,891,827,697,325,35,2775
2015-06-15,978,861,740,336,35,2950
2015-06-16,1016,874,744,346,37,3016
2015-06-17,1055,867,734,353,38,3047
2015-06-18,1074,866,720,368,38,3065
2015-06-19,1107,851,698,361,39,3057
2015-06-20,1067,864,677,351,40,2999
2015-06-21,1012,834,633,333,38,2849
2015-06-22,1062,816,674,330,36,2918
2015-06-23,1036,811,725,341,37,2950
2015-06-24,997,732,749,345,39,2862
2015-06-25,895,768,753,346,40,2802
2015-06-26,969,808,777,349,38,2941
2015-06-27,1029,852,758,331,36,3006
2015-06-28,1030,853,742,314,38,2977
2015-06-29,983,891,789,338,39,3040
2015-06-30,948,908,802,344,42,3044
2015-07-01,993,902,810,353,41,3098
2015-07-02,1036,915,818,351,41,3161
2015-07-03,1077,932,828,352,41,3230
2015-07-04,1093,941,818,357,40,3248
2015-07-05,1090,914,787,350,39,3179
2015-07-06,1014,945,823,355,39,3176
2015-07-07,1000,965,841,362,40,3208
2015-07-08,1015,962,846,351,38,3213
2015-07-09,1011,945,840,348,41,3185
2015-07-10,921,947,847,317,41,3073
2015-07-11,860,945,837,327,40,3010
2015-07-12,747,951,794,347,40,2879
2015-07-13,830,996,843,365,39,3073
2015-07-14,941,1014,858,365,39,3217
2015-07-15,1015,1033,833,372,37,3289
2015-07-16,1021,1029,836,350,40,3276
2015-07-17,1014,1015,837,341,41,3249
2015-07-18,1008,968,804,333,41,3154
2015-07-19,967,900,740,330,39,2976
2015-07-20,976,921,773,339,38,3048
2015-07-21,991,907,799,343,39,3079
2015-07-22,1018,876,792,336,39,3061
2015-07-23,1043,870,788,342,39,3082
2015-07-24,1040,854,798,341,38,3070
2015-07-25,1026,819,805,340,37,3027
2015-07-26,950,812,762,314,41,2878
2015-07-27,999,793,792,320,40,2944
2015-07-28,1006,836,810,327,41,3019
2015-07-29,1007,836,821,350,42,3054
2015-07-30,1012,819,834,347,40,3051
2015-07-31,1009,840,827,341,37,3055
2015-08-01,967,850,801,319,40,2976
2015-08-02,940,834,770,306,40,2890
2015-08-03,992,854,788,328,41,3003
2015-08-04,1015,836,793,344,40,3027
2015-08-05,1025,821,787,348,40,3020
2015-08-06,1048,840,796,357,42,3083
2015-08-07,1033,875,812,361,40,3121
2015-08-08,1004,900,819,365,40,3128
2015-08-09,960,887,778,361,39,3025
2015-08-10,991,923,809,373,41,3136
2015-08-11,1003,918,803,371,41,3136
2015-08-12,995,903,794,371,39,3102
2015-08-13,1021,891,795,376,42,3125
2015-08-14,1027,882,809,374,41,3133
2015-08-15,945,838,778,358,39,2958
2015-08-16,901,838,743,347,38,2867
2015-08-17,980,886,767,352,40,3024
2015-08-18,993,912,784,351,38,3078
2015-08-19,990,923,784,354,39,3090
2015-08-20,1012,933,791,359,36,3131
2015-08-21,1021,947,769,360,37,3134
2015-08-22,1011,948,743,355,40,3097
2015-08-23,981,940,715,354,39,3029
2015-08-24,1010,980,762,366,40,3158
2015-08-25,1061,988,794,364,42,3249
2015-08-26,1096,989,801,362,42,3290
2015-08-27,1094,995,790,370,40,3289
2015-08-28,1120,995,788,375,41,3320
2015-08-29,1101,928,783,376,40,3228
2015-08-30,1090,925,764,368,39,3185
2015-08-31,1134,970,798,366,37,3305
2015-09-01,1123,987,812,368,38,3328
2015-09-02,1124,999,793,356,38,3309
2015-09-03,1114,1015,791,362,39,3321
2015-09-04,1126,1017,773,365,39,3320
2015-09-05,1128,1007,768,367,40,3309
2015-09-06,1100,984,734,350,41,3208
2015-09-07,1107,1033,723,367,41,3270
2015-09-08,1110,1033,728,367,41,3279
2015-09-09,1113,1033,739,374,42,3301
2015-09-10,1131,1028,739,375,43,3317
2015-09-11,1147,1031,748,375,41,3342
2015-09-12,1142,1002,757,368,41,3309
2015-09-13,1125,925,724,356,41,3172
2015-09-14,1141,974,754,362,41,3272
2015-09-15,1147,977,772,360,43,3299
2015-09-16,1103,1013,779,351,42,3288
2015-09-17,1075,898,751,365,43,3131
2015-09-18,1082,875,772,359,44,3131
2015-09-19,1034,853,788,361,40,3076
2015-09-20,945,822,750,354,36,2907
2015-09-21,940,835,771,351,40,2938
2015-09-22,899,873,801,351,41,2966
2015-09-23,876,912,795,336,41,2960
2015-09-24,878,940,776,346,40,2981
2015-09-25,905,944,781,340,41,3010
2015-09-26,910,959,762,348,41,3020
2015-09-27,895,935,735,356,41,2962
2015-09-28,937,995,754,366,42,3095
2015-09-29,922,1032,769,377,42,3141
2015-09-30,946,1029,762,376,41,3155
2015-10-01,967,1032,750,380,43,3173
2015-10-02,935,1015,708,386,41,3085
2015-10-03,958,1013,728,387,41,3128
2015-10-04,947,996,686,378,41,3048
2015-10-05,986,1029,703,382,42,3141
2015-10-06,986,1045,724,380,41,3177
2015-10-07,1005,1062,740,377,42,3226
2015-10-08,999,1077,760,372,40,3248
2015-10-09,1008,1076,768,379,39,3270
2015-10-10,978,1077,771,374,40,3240
2015-10-11,948,1035,730,375,40,3128
2015-10-12,956,1076,750,374,39,3195
2015-10-13,970,1093,770,370,40,3243
2015-10-14,930,1102,794,364,39,3228
2015-10-15,915,1108,798,360,39,3221
2015-10-16,925,1105,805,369,39,3243
2015-10-17,933,1108,804,363,41,3248
2015-10-18,896,1075,775,365,41,3151
2015-10-19,913,1124,804,380,40,3261
2015-10-20,938,1131,819,372,41,3301
2015-10-21,916,1114,802,357,39,3228
2015-10-22,860,1032,790,348,37,3066
2015-10-23,874,1070,806,346,34,3131
2015-10-24,851,1095,818,327,35,3126
2015-10-25,824,1068,788,326,38,3044
2015-10-26,802,1077,812,346,38,3076
2015-10-27,831,1079,823,354,39,3127
2015-10-28,780,1041,801,352,39,3013
2015-10-29,741,1009,769,340,39,2898
2015-10-30,783,1005,805,334,39,2966
2015-10-31,772,1013,782,341,40,2948
2015-11-01,765,995,736,340,38,2875
2015-11-02,794,1029,751,348,38,2959
2015-11-03,799,1045,763,352,38,2996
2015-11-04,801,1050,761,354,37,3004
2015-11-05,765,1050,759,353,38,2966
2015-11-06,790,1045,772,351,40,2997
2015-11-07,797,1041,764,330,39,2972
2015-11-08,781,1016,709,336,38,2880
2015-11-09,822,1032,657,345,39,2895
2015-11-10,823,997,608,335,38,2801
2015-11-11,783,891,624,331,38,2668
2015-11-12,742,850,659,338,38,2627
2015-11-13,766,876,681,339,38,2700
2015-11-14,790,906,686,338,38,2758
2015-11-15,774,919,646,330,36,2705
2015-11-16,784,963,650,339,38,2774
2015-11-17,774,980,652,339,38,2784
2015-11-18,785,975,674,332,39,2804
2015-11-19,781,975,677,334,38,2805
2015-11-20,785,980,677,335,38,2816
2015-11-21,768,995,668,336,37,2804
2015-11-22,769,962,632,321,37,2721
2015-11-23,781,985,665,317,39,2787
2015-11-24,789,997,683,329,36,2834
2015-11-25,782,1002,698,325,38,2845
2015-11-26,784,994,703,329,38,2847
2015-11-27,788,986,714,333,38,2859
2015-11-28,789,973,708,334,37,2840
2015-11-29,760,948,668,334,36,2747
2015-11-30,787,991,672,337,37,2824
2015-12-01,812,1005,666,341,37,2860
2015-12-02,775,995,651,337,37,2795
2015-12-03,787,994,658,335,35,2809
2015-12-04,809,991,665,331,33,2828
2015-12-05,810,986,672,329,36,2832
2015-12-06,783,953,635,327,35,2733
2015-12-07,796,981,673,333,36,2819
2015-12-08,804,987,689,327,36,2843
2015-12-09,795,987,692,326,37,2836
2015-12-10,808,999,700,327,36,2871
2015-12-11,804,991,717,331,36,2879
2015-12-12,813,981,713,327,36,2871
2015-12-13,795,961,692,326,35,2809
2015-12-14,799,986,730,330,35,2880
2015-12-15,818,992,733,330,36,2910
2015-12-16,828,993,735,330,38,2924
2015-12-17,833,991,745,326,36,2931
2015-12-18,861,985,754,332,37,2970
2015-12-19,853,978,750,334,37,2952
2015-12-20,811,960,721,326,36,2853
2015-12-21,833,980,757,330,35,2935
2015-12-22,845,978,770,331,37,2960
2015-12-23,851,972,776,328,39,2965
2015-12-24,848,961,777,330,39,2955
2015-12-25,863,933,754,327,38,2915
2015-12-26,863,936,743,328,38,2907
2015-12-27,814,922,721,321,38,2815
2015-12-28,830,950,749,325,38,2892
2015-12-29,831,967,763,329,38,2927
2015-12-30,831,968,769,330,38,2935
2015-12-31,827,978,777,334,39,2955
2016-01-01,835,959,741,329,37,2901
2016-01-02,837,975,752,326,38,2928
2016-01-03,822,961,732,328,38,2882
2016-01-04,843,984,774,335,37,2972
2016-01-05,850,994,779,336,38,2996
2016-01-06,853,996,794,333,38,3013
2016-01-07,853,993,792,328,39,3005
2016-01-08,848,982,794,328,38,2990
2016-01-09,850,981,768,322,35,2956
2016-01-10,832,959,749,316,36,2892
2016-01-11,849,979,772,321,39,2960
2016-01-12,861,989,790,336,39,3014
2016-01-13,846,990,794,339,39,3008
2016-01-14,814,934,780,339,40,2907
2016-01-15,812,940,716,340,38,2847
2016-01-16,804,956,704,335,38,2837
2016-01-17,821,936,691,327,38,2812
2016-01-18,843,935,758,331,38,2905
2016-01-19,852,903,772,316,38,2881
2016-01-20,847,907,776,311,38,2879
2016-01-21,857,906,779,312,38,2893
2016-01-22,860,921,782,317,39,2918
2016-01-23,859,931,777,326,39,2932
2016-01-24,844,919,751,326,38,2878
2016-01-25,866,944,788,312,38,2948
2016-01-26,827,891,760,308,37,2823
2016-01-27,859,941,803,329,39,2971
2016-01-28,861,967,824,339,38,3029
2016-01-29,854,965,826,340,38,3022
2016-01-30,847,975,812,334,39,3008
2016-01-31,816,960,774,327,38,2915
2016-02-01,833,981,803,326,39,2982
2016-02-02,845,986,813,331,39,3014
2016-02-03,852,986,826,336,39,3039
2016-02-04,852,981,826,326,39,3023
2016-02-05,862,982,814,326,39,3022
2016-02-06,844,978,823,326,39,3010
2016-02-07,811,953,784,325,38,2910
2016-02-08,822,970,835,328,38,2993
2016-02-09,849,990,845,327,37,3048
2016-02-10,849,992,848,325,38,3052
2016-02-11,841,987,853,319,38,3038
2016-02-12,844,982,858,328,39,3051
2016-02-13,832,976,849,326,39,3021
2016-02-14,819,949,801,320,38,2927
2016-02-15,834,977,838,331,38,3018
2016-02-16,861,984,842,334,39,3059
2016-02-17,853,995,849,338,38,3074
2016-02-18,830,1002,847,343,38,3060
2016-02-19,833,1007,857,353,38,3088
2016-02-20,787,1014,863,346,39,3048
2016-02-21,767,989,834,346,36,2972
2016-02-22,791,1002,872,357,35,3057
2016-02-23,822,1013,874,354,37,3100
2016-02-24,839,1018,882,344,37,3120
2016-02-25,839,1007,886,348,36,3115
2016-02-26,856,1003,887,340,37,3123
2016-02-27,859,998,874,331,36,3098
2016-02-28,822,983,835,332,35,3006
2016-02-29,853,993,867,342,38,3093
2016-03-01,869,1000,870,347,38,3124
2016-03-02,863,1011,876,351,38,3139
2016-03-03,872,1002,879,355,38,3146
2016-03-04,850,992,891,358,38,3128
2016-03-05,772,997,880,353,38,3040
2016-03-06,700,964,846,350,35,2896
2016-03-07,765,973,878,354,35,3004
2016-03-08,777,1003,887,356,37,3060
2016-03-09,814,1022,901,368,37,3142
2016-03-10,819,1032,899,370,39,3158
2016-03-11,802,1038,902,368,39,3149
2016-03-12,702,1006,893,372,39,3011
2016-03-13,734,968,887,370,37,2997
2016-03-14,734,968,887,370,37,2997
2016-03-15,764,995,898,363,38,3058
2016-03-16,783,990,901,362,36,3072
2016-03-17,787,1015,905,365,39,3111
2016-03-18,795,1021,907,364,39,3126
2016-03-19,808,1011,904,362,40,3125
2016-03-20,778,992,868,368,38,3043
2016-03-21,796,1023,908,366,35,3128
2016-03-22,782,1034,930,365,36,3147
2016-03-23,812,1015,923,349,39,3138
2016-03-24,743,886,920,351,37,2938
2016-03-25,765,960,920,359,39,3042
2016-03-26,784,1021,917,362,40,3124
2016-03-27,776,979,879,365,40,3039
2016-03-28,811,986,901,362,33,3093
2016-03-29,822,1026,925,364,33,3170
2016-03-30,807,1030,921,371,39,3168
2016-03-31,843,1033,922,366,33,3197
2016-04-01,853,1023,925,353,33,3188
2016-04-02,857,1032,925,357,37,3209
2016-04-03,850,1020,889,351,38,3147
2016-04-04,870,1046,918,366,37,3237
2016-04-05,872,1039,928,373,34,3246
2016-04-06,862,1036,930,379,34,3241
2016-04-07,851,1045,932,384,35,3246
2016-04-08,856,1023,916,387,34,3217
2016-04-09,849,1035,899,389,36,3209
2016-04-10,822,1026,866,388,37,3139
2016-04-11,842,1055,910,391,37,3235
2016-04-12,837,1070,933,392,36,3268
2016-04-13,849,1073,944,394,36,3295
2016-04-14,870,1071,928,399,32,3301
2016-04-15,885,1064,932,403,30,3313
2016-04-16,912,1066,937,406,29,3350
2016-04-17,896,1031,884,404,31,3245
2016-04-18,937,1066,924,409,32,3369
2016-04-19,942,1080,939,408,32,3400
2016-04-20,936,1083,941,409,32,3401
2016-04-21,913,1068,944,403,30,3357
2016-04-22,925,1037,925,402,32,3321
2016-04-23,927,1037,931,403,31,3329
2016-04-24,889,1017,886,399,29,3221
2016-04-25,920,1048,919,402,33,3321
2016-04-26,938,1052,928,407,34,3358
2016-04-27,945,1046,939,402,33,3366
2016-04-28,967,1047,945,402,34,3395
2016-04-29,978,1046,941,401,30,3395
2016-04-30,996,1041,920,385,34,3376
2016-05-01,958,984,861,372,27,3202
2016-05-02,999,1045,911,390,28,3373
2016-05-03,1016,1050,915,391,35,3407
2016-05-04,986,1027,889,344,35,3281
2016-05-05,920,1023,881,360,37,3221
2016-05-06,952,995,829,378,36,3190
2016-05-07,981,1017,834,372,37,3242
2016-05-08,988,991,794,347,38,3159
2016-05-09,1032,1001,847,378,38,3296
2016-05-10,997,1002,855,384,38,3275
2016-05-11,959,1024,841,374,41,3238
2016-05-12,1041,1037,835,378,40,3331
2016-05-13,1043,1032,868,372,32,3347
2016-05-14,1041,1034,853,362,35,3325
2016-05-15,1045,1005,794,360,33,3237
2016-05-16,1068,1058,753,370,30,3279
2016-05-17,1085,1064,753,374,32,3307
2016-05-18,1097,1068,706,378,32,3281
2016-05-19,1110,1058,701,380,38,3287
2016-05-20,1118,1030,699,352,38,3236
2016-05-21,1085,999,779,339,33,3234
2016-05-22,1075,968,781,342,33,3200
2016-05-23,912,1006,846,353,39,3156
2016-05-24,808,1025,892,359,43,3127
2016-05-25,907,1004,875,340,38,3163
2016-05-26,944,1013,876,359,40,3232
2016-05-27,989,1012,870,364,40,3274
2016-05-28,992,1015,827,347,41,3222
2016-05-29,810,986,788,345,40,2969
2016-05-30,826,1025,834,367,40,3092
2016-05-31,915,1037,847,372,38,3209
2016-06-01,979,1039,834,355,42,3248
2016-06-02,1026,1029,797,374,43,3269
2016-06-03,1078,1021,810,378,45,3332
2016-06-04,1092,1019,755,385,43,3294
2016-06-05,1074,958,723,380,41,3176
2016-06-06,1052,1013,769,390,41,3265
2016-06-07,1049,1028,767,388,44,3276
2016-06-08,1067,1026,746,390,43,3273
2016-06-09,1065,1034,746,386,44,3275
2016-06-10,1062,1012,760,389,43,3266
2016-06-11,1012,999,754,393,42,3200
2016-06-12,1029,960,736,385,40,3150
2016-06-13,1073,1004,780,359,39,3255
2016-06-14,1077,1016,806,357,43,3299
2016-06-15,1107,1011,812,359,43,3332
2016-06-16,1102,1018,839,366,43,3368
2016-06-17,1149,1013,822,368,40,3393
2016-06-18,1168,974,795,371,42,3349
2016-06-19,1151,939,735,370,42,3237
2016-06-20,1164,951,764,389,40,3308
2016-06-21,1125,967,774,383,43,3291
2016-06-22,1078,952,759,376,42,3207
2016-06-23,1107,955,733,389,42,3226
2016-06-24,1156,928,748,390,43,3266
2016-06-25,1160,904,731,390,44,3228
2016-06-26,1140,890,700,385,43,3159
2016-06-27,1149,920,739,392,44,3243
2016-06-28,1101,914,730,387,45,3178
2016-06-29,1171,893,702,389,46,3201
2016-06-30,1208,900,707,399,48,3261
2016-07-01,1150,889,732,392,44,3207
2016-07-02,932,879,742,386,42,2980
2016-07-03,890,834,725,351,38,2838
2016-07-04,967,848,784,349,39,2986
2016-07-05,1054,849,794,350,43,3090
2016-07-06,1033,840,790,358,44,3065
2016-07-07,1132,854,791,374,43,3194
2016-07-08,1154,845,777,369,45,3189
2016-07-09,1094,828,755,375,44,3096
2016-07-10,1070,808,711,366,42,2997
2016-07-11,1104,840,806,374,43,3167
2016-07-12,1108,821,787,372,43,3132
2016-07-13,1116,811,823,400,45,3195
2016-07-14,1123,836,843,399,45,3246
2016-07-15,1064,853,858,384,44,3203
2016-07-16,965,849,826,365,44,3049
2016-07-17,865,826,780,358,42,2871
2016-07-18,930,852,853,372,40,3047
2016-07-19,1039,851,790,380,42,3102
2016-07-20,1118,868,793,385,43,3207
2016-07-21,1160,878,787,389,42,3256
2016-07-22,1167,886,792,380,42,3267
2016-07-23,1117,887,785,372,41,3203
2016-07-24,1085,873,748,369,39,3113
2016-07-25,1126,915,781,378,39,3239
2016-07-26,1141,906,769,369,41,3225
2016-07-27,1048,889,760,371,42,3110
2016-07-28,1056,890,774,379,44,3142
2016-07-29,1023,875,758,386,44,3085
2016-07-30,998,877,695,385,44,2998
2016-07-31,1009,833,695,369,42,2949
2016-08-01,1020,845,732,368,45,3010
2016-08-02,1023,826,736,365,47,2996
2016-08-03,1069,822,753,364,48,3056
2016-08-04,1114,831,788,372,45,3150
2016-08-05,1138,813,806,374,44,3175
2016-08-06,1091,798,799,363,45,3096
2016-08-07,1019,760,793,359,42,2973
2016-08-08,1050,794,848,360,46,3097
2016-08-09,1065,816,872,365,43,3161
2016-08-10,1050,813,886,365,45,3160
2016-08-11,988,835,901,366,46,3137
2016-08-12,967,843,902,367,46,3125
2016-08-13,993,848,887,385,47,3159
2016-08-14,984,838,830,370,47,3069
2016-08-15,971,800,812,367,45,2994
2016-08-16,1045,861,864,376,43,3188
2016-08-17,1046,887,884,355,47,3219
2016-08-18,1010,857,909,330,47,3153
2016-08-19,1026,878,923,366,48,3241
2016-08-20,1035,893,915,380,48,3272
2016-08-21,1015,900,897,368,45,3226
2016-08-22,1037,943,926,327,46,3278
2016-08-23,1045,936,938,370,48,3336
2016-08-24,1011,912,925,384,50,3281
2016-08-25,993,875,918,387,47,3219
2016-08-26,1028,876,901,376,42,3222
2016-08-27,1011,891,867,388,46,3203
2016-08-28,987,877,816,390,46,3115
2016-08-29,957,925,873,392,45,3191
2016-08-30,960,925,856,404,43,3188
2016-08-31,940,890,813,404,44,3090
2016-09-01,939,890,811,393,44,3076
2016-09-02,976,892,807,391,43,3109
2016-09-03,1012,907,825,380,45,3168
2016-09-04,1023,897,792,371,43,3127
2016-09-05,1068,906,800,363,43,3181
2016-09-06,1098,968,866,352,46,3329
2016-09-07,1131,996,897,356,45,3425
2016-09-08,1147,1033,917,369,46,3512
2016-09-09,1161,1043,913,376,47,3539
2016-09-10,1164,1052,901,376,46,3540
2016-09-11,1133,1017,830,370,45,3394
2016-09-12,1146,1069,856,373,45,3490
2016-09-13,1143,1064,842,371,44,3463
2016-09-14,1136,1027,808,373,46,3390
2016-09-15,1143,962,796,381,46,3328
2016-09-16,1138,954,799,383,45,3319
2016-09-17,1126,919,794,359,44,3242
2016-09-18,1102,894,791,357,42,3185
2016-09-19,1117,915,846,382,43,3303
2016-09-20,1145,928,857,390,44,3364
2016-09-21,1135,934,818,368,44,3300
2016-09-22,1084,938,801,379,44,3246
2016-09-23,1093,943,798,378,45,3255
2016-09-24,1063,927,803,368,43,3204
2016-09-25,1025,906,760,342,43,3075
2016-09-26,1059,940,803,364,44,3211
2016-09-27,1045,947,826,370,43,3231
2016-09-28,1043,958,821,362,47,3231
2016-09-29,1041,970,813,369,45,3238
2016-09-30,1043,962,819,375,45,3244
2016-10-01,1054,936,810,390,46,3235
2016-10-02,1028,881,760,380,46,3095
2016-10-03,1062,903,828,391,46,3231
2016-10-04,1058,894,869,399,45,3266
2016-10-05,1001,878,875,389,46,3189
2016-10-06,987,879,878,383,48,3175
2016-10-07,1008,880,897,386,46,3217
2016-10-08,997,887,865,370,46,3164
2016-10-09,967,864,809,350,40,3029
2016-10-10,969,900,795,337,40,3041
2016-10-11,915,834,804,331,36,2919
2016-10-12,922,880,838,338,36,3014
2016-10-13,924,922,839,348,40,3073
2016-10-14,912,936,854,353,42,3097
2016-10-15,925,949,870,346,43,3132
2016-10-16,888,938,841,348,44,3058
2016-10-17,905,978,891,361,44,3179
2016-10-18,912,996,907,375,44,3234
2016-10-19,913,1005,916,375,44,3254
2016-10-20,893,1001,901,377,43,3214
2016-10-21,909,1018,900,368,43,3237
2016-10-22,896,1031,870,369,42,3209
2016-10-23,876,1003,852,360,41,3132
2016-10-24,892,1045,884,361,41,3223
2016-10-25,884,1037,908,360,42,3231
2016-10-26,885,1040,913,359,43,3239
2016-10-27,883,1038,898,361,41,3221
2016-10-28,896,1029,885,365,40,3215
2016-10-29,884,987,849,362,41,3123
2016-10-30,823,897,793,353,42,2908
2016-10-31,784,850,822,357,41,2855
2016-11-01,799,876,824,362,42,2903
2016-11-02,828,929,845,352,42,2995
2016-11-03,837,963,851,350,41,3042
2016-11-04,852,982,864,351,40,3088
2016-11-05,856,992,866,339,41,3093
2016-11-06,826,985,840,324,36,3010
2016-11-07,833,1006,856,315,38,3048
2016-11-08,845,1023,881,317,39,3104
2016-11-09,839,1019,874,318,39,3090
2016-11-10,835,1025,874,318,39,3090
2016-11-11,842,1019,874,330,40,3105
2016-11-12,817,1010,865,324,39,3054
2016-11-13,791,983,821,313,37,2946
2016-11-14,800,1007,854,317,37,3014
2016-11-15,808,1014,866,318,39,3046
2016-11-16,801,1004,853,309,38,3005
2016-11-17,800,987,869,315,39,3010
2016-11-18,800,986,865,315,38,3004
2016-11-19,797,985,853,310,38,2984
2016-11-20,765,962,809,301,37,2873
2016-11-21,786,988,847,311,37,2969
2016-11-22,802,1012,863,306,38,3021
2016-11-23,805,1011,868,305,39,3028
2016-11-24,819,1012,868,296,39,3033
2016-11-25,806,1010,861,307,38,3022
2016-11-26,801,1007,849,309,38,3004
2016-11-27,788,989,816,304,37,2933
2016-11-28,812,1020,842,310,37,3022
2016-11-29,811,1029,861,308,39,3047
2016-11-30,756,1021,854,306,37,2974
2016-12-01,782,1016,814,307,38,2957
2016-12-02,801,1006,788,313,36,2945
2016-12-03,810,1007,772,312,37,2939
2016-12-04,798,977,740,295,37,2848
2016-12-05,820,1019,786,298,36,2958
2016-12-06,845,1023,753,305,37,2964
2016-12-07,836,1011,797,307,37,2988
2016-12-08,822,1014,826,308,38,3008
2016-12-09,846,1015,841,307,37,3047
2016-12-10,837,1001,826,305,38,3006
2016-12-11,818,980,780,300,37,2915
2016-12-12,820,1009,737,304,37,2906
2016-12-13,842,1008,681,300,37,2869
2016-12-14,849,1000,723,304,37,2913
2016-12-15,857,1023,751,300,38,2969
2016-12-16,866,1016,774,301,37,2994
2016-12-17,855,1014,782,302,38,2991
2016-12-18,832,990,754,291,37,2903
2016-12-19,849,1005,796,300,38,2988
2016-12-20,864,1013,808,306,39,3029
2016-12-21,875,1016,835,312,39,3077
2016-12-22,860,1018,842,313,38,3071
2016-12-23,859,1022,849,315,39,3084
2016-12-24,856,1009,840,313,39,3057
2016-12-25,828,1009,788,308,38,2970
2016-12-26,844,1006,834,312,36,3032
2016-12-27,848,1000,853,318,35,3054
2016-12-28,863,1004,855,319,36,3077
2016-12-29,852,1006,842,320,37,3057
2016-12-30,843,1009,845,315,37,3048
2016-12-31,840,995,847,317,39,3038
2017-01-01,837,965,788,313,36,2939
2017-01-02,849,992,837,318,37,3033
2017-01-03,863,1006,858,314,36,3077
2017-01-04,863,1006,869,319,35,3092
2017-01-05,881,1017,872,323,37,3129
2017-01-06,863,1019,872,321,37,3113
2017-01-07,792,1013,857,319,38,3018
2017-01-08,822,989,822,313,36,2982
2017-01-09,844,1002,854,317,36,3053
2017-01-10,865,989,868,317,39,3078
2017-01-11,876,999,869,320,38,3102
2017-01-12,883,1000,876,325,39,3123
2017-01-13,907,990,863,327,39,3126
2017-01-14,891,929,789,323,38,2969
2017-01-15,866,919,740,317,37,2880
2017-01-16,870,995,802,321,38,3026
2017-01-17,893,1008,829,322,39,3091
2017-01-18,898,1006,835,326,39,3104
2017-01-19,892,1007,840,330,39,3108
2017-01-20,909,1005,846,330,40,3130
2017-01-21,916,1013,829,329,40,3128
2017-01-22,878,1001,787,322,38,3025
2017-01-23,893,1032,836,327,38,3127
2017-01-24,901,1049,849,327,39,3164
2017-01-25,882,1053,865,328,39,3167
2017-01-26,692,973,812,324,38,2839
2017-01-27,695,971,831,322,38,2856
2017-01-28,801,984,831,324,39,2978
2017-01-29,789,998,796,321,38,2942
2017-01-30,812,1025,841,328,39,3045
2017-01-31,828,1039,864,329,39,3099
2017-02-01,831,1030,876,333,38,3107
2017-02-02,829,1040,875,328,39,3111
2017-02-03,835,1038,887,329,39,3128
2017-02-04,822,1032,870,328,40,3092
2017-02-05,785,1008,837,320,38,2989
2017-02-06,821,1026,870,325,39,3082
2017-02-07,846,1031,895,327,39,3137
2017-02-08,872,1043,895,330,39,3180
2017-02-09,860,1047,903,334,40,3184
2017-02-10,882,1040,904,331,39,3196
2017-02-11,872,1020,885,330,40,3148
2017-02-12,858,978,840,325,38,3038
2017-02-13,874,1018,872,330,39,3133
2017-02-14,873,1044,900,334,39,3191
2017-02-15,878,1055,896,332,40,3200
2017-02-16,891,1061,889,337,40,3217
2017-02-17,883,1054,890,337,40,3204
2017-02-18,879,1062,891,332,39,3203
2017-02-19,863,1048,856,327,38,3131
2017-02-20,872,1068,903,336,38,3217
2017-02-21,894,1067,925,341,34,3261
2017-02-22,908,1076,934,347,33,3298
2017-02-23,883,1082,942,344,34,3285
2017-02-24,869,1007,937,346,37,3195
2017-02-25,878,1065,909,343,38,3233
2017-02-26,862,1052,878,332,37,3162
2017-02-27,887,1080,915,339,39,3261
2017-02-28,907,1089,922,345,39,3302
2017-03-01,911,1088,923,346,39,3307
2017-03-02,895,1091,930,348,40,3303
2017-03-03,921,1085,934,351,37,3328
2017-03-04,912,1084,925,344,36,3301
2017-03-05,879,1046,888,340,33,3186
2017-03-06,895,1071,929,350,36,3281
2017-03-07,893,1072,934,355,37,3292
2017-03-08,863,1066,930,346,38,3242
2017-03-09,824,1070,942,345,37,3218
2017-03-10,747,1036,925,321,38,3067
2017-03-11,751,1013,922,311,34,3031
2017-03-12,773,974,885,308,35,2975
2017-03-13,701,858,910,302,34,2805
2017-03-14,751,948,931,315,37,2983
2017-03-15,795,1009,921,334,38,3097
2017-03-16,810,1027,914,344,38,3133
2017-03-17,838,1035,928,353,37,3190
2017-03-18,835,1040,935,354,31,3194
2017-03-19,802,1004,895,341,33,3075
2017-03-20,830,1049,948,343,35,3206
2017-03-21,851,1070,960,344,38,3263
2017-03-22,869,1081,962,351,38,3301
2017-03-23,884,1089,969,378,39,3359
2017-03-24,924,1098,975,380,39,3416
2017-03-25,907,1101,974,375,35,3392
2017-03-26,877,1084,928,370,36,3294
2017-03-27,887,1123,957,385,37,3388
2017-03-28,933,1129,990,392,38,3482
2017-03-29,947,1140,967,398,37,3488
2017-03-30,945,1151,981,380,36,3494
2017-03-31,960,1138,994,395,35,3523
2017-04-01,932,1119,972,393,33,3449
2017-04-02,881,1088,925,380,30,3304
2017-04-03,925,1132,965,374,26,3421
2017-04-04,898,1129,977,384,31,3419
2017-04-05,817,1138,987,386,35,3362
2017-04-06,834,1144,965,398,35,3375
2017-04-07,925,1156,968,396,38,3483
2017-04-08,862,1111,971,388,37,3369
2017-04-09,820,1086,924,391,35,3256
2017-04-10,802,1119,963,400,37,3320
2017-04-11,966,1140,965,398,38,3507
2017-04-12,899,1145,968,402,41,3456
2017-04-13,925,1156,971,417,41,3510
2017-04-14,942,1164,935,408,41,3490
2017-04-15,942,1165,946,390,36,3479
2017-04-16,922,1124,906,380,32,3364
2017-04-17,986,1157,933,393,36,3505
2017-04-18,1007,1162,961,403,40,3574
2017-04-19,1026,1155,972,388,38,3579
2017-04-20,1041,1150,957,376,36,3560
2017-04-21,1042,1156,936,398,37,3569
2017-04-22,982,1146,929,375,37,3469
2017-04-23,941,1111,895,358,36,3342
2017-04-24,921,1143,945,365,36,3410
2017-04-25,968,1180,944,390,35,3517
2017-04-26,971,1136,935,403,34,3479
2017-04-27,980,1127,933,412,37,3488
2017-04-28,1000,1125,942,412,33,3512
2017-04-29,996,1105,915,414,32,3462
2017-04-30,947,1059,860,382,35,3284
2017-05-01,977,1067,819,330,33,3226
2017-05-02,1032,1114,878,366,38,3428
2017-05-03,1001,1122,915,388,37,3463
2017-05-04,1018,1118,926,398,39,3500
2017-05-05,1075,1133,944,392,37,3581
2017-05-06,1078,1122,916,385,35,3536
2017-05-07,1080,1058,821,371,34,3364
2017-05-08,1112,1085,854,402,40,3492
2017-05-09,1068,1106,878,356,36,3443
2017-05-10,1081,1111,839,375,38,3444
2017-05-11,1103,1122,870,386,40,3521
2017-05-12,1138,1123,892,379,41,3572
2017-05-13,1161,1105,889,380,42,3577
2017-05-14,1111,1083,841,370,38,3443
2017-05-15,1170,1114,857,395,40,3576
2017-05-16,1140,1126,906,367,36,3575
2017-05-17,1081,1126,899,377,42,3525
2017-05-18,1097,1124,888,374,43,3526
2017-05-19,1105,1124,881,392,42,3543
2017-05-20,1079,1113,871,402,41,3506
2017-05-21,1011,1079,830,380,39,3339
2017-05-22,986,1097,867,397,40,3388
2017-05-23,1053,1119,865,393,43,3472
2017-05-24,1098,1136,875,405,42,3557
2017-05-25,1128,1130,890,411,41,3601
2017-05-26,1154,1131,874,387,42,3588
2017-05-27,1095,1104,817,370,45,3431
2017-05-28,1055,1038,792,374,44,3303
2017-05-29,963,1062,829,378,45,3277
2017-05-30,1045,1063,852,382,35,3378
2017-05-31,1000,1082,881,383,35,3381
2017-06-01,1024,1073,892,388,38,3415
2017-06-02,1079,1067,896,396,40,3478
2017-06-03,1114,1063,883,408,37,3505
2017-06-04,1119,1004,824,401,38,3385
2017-06-05,1168,1055,862,400,42,3528
2017-06-06,1177,1042,843,383,44,3490
2017-06-07,1024,1024,790,387,46,3271
2017-06-08,1058,1008,779,392,47,3284
2017-06-09,1056,999,797,388,45,3285
2017-06-10,1068,937,787,393,47,3231
2017-06-11,988,928,760,386,43,3106
2017-06-12,1097,965,797,382,40,3282
2017-06-13,1143,969,824,387,37,3361
2017-06-14,1152,1009,839,395,41,3436
2017-06-15,1158,1007,833,379,45,3423
2017-06-16,1137,995,816,377,44,3369
2017-06-17,1155,1008,805,395,40,3404
2017-06-18,1162,996,783,400,40,3381
2017-06-19,1138,1032,810,387,40,3407
2017-06-20,1061,1036,809,345,45,3296
2017-06-21,1044,1023,822,363,45,3296
2017-06-22,1080,1007,840,378,46,3351
2017-06-23,1141,1000,828,386,47,3401
2017-06-24,1194,978,795,381,45,3393
2017-06-25,1207,913,747,375,46,3287
2017-06-26,1234,916,761,385,47,3343
2017-06-27,1229,911,780,392,46,3358
2017-06-28,1087,896,794,395,48,3220
2017-06-29,927,893,824,400,46,3089
2017-06-30,967,874,847,392,46,3125
2017-07-01,1008,850,825,390,45,3117
2017-07-02,983,822,792,362,42,3000
2017-07-03,1061,859,840,379,41,3179
2017-07-04,1099,881,858,368,43,3248
2017-07-05,1099,898,866,379,45,3288
2017-07-06,1099,932,866,381,46,3324
2017-07-07,1122,955,859,384,48,3368
2017-07-08,1183,979,846,390,45,3443
2017-07-09,1211,955,810,375,43,3394
2017-07-10,1212,980,851,376,38,3457
2017-07-11,1185,972,856,368,40,3421
2017-07-12,1112,955,844,372,44,3327
2017-07-13,1144,932,833,377,45,3331
2017-07-14,1194,896,825,393,45,3354
2017-07-15,1212,878,818,397,48,3354
2017-07-16,1186,848,770,394,44,3242
2017-07-17,1208,875,808,408,43,3343
2017-07-18,1175,879,806,412,47,3319
2017-07-19,1209,882,799,401,42,3333
2017-07-20,1193,876,810,385,43,3307
2017-07-21,1204,869,867,387,45,3373
2017-07-22,1171,851,881,380,47,3329
2017-07-23,1123,822,868,362,41,3216
2017-07-24,1112,843,912,345,41,3253
2017-07-25,1152,864,934,332,46,3328
2017-07-26,1167,878,947,339,46,3378
2017-07-27,1174,871,951,370,46,3412
2017-07-28,1207,867,940,394,48,3457
2017-07-29,1191,895,928,402,47,3464
2017-07-30,1135,892,888,380,47,3342
2017-07-31,1121,937,928,393,48,3428
2017-08-01,1051,947,922,397,49,3366
2017-08-02,1057,956,916,405,48,3382
2017-08-03,1081,959,929,392,49,3409
2017-08-04,1133,969,924,382,49,3457
2017-08-05,1165,992,902,387,50,3496
2017-08-06,1159,966,882,386,46,3439
2017-08-07,1127,923,911,399,46,3407
2017-08-08,1145,970,910,401,48,3474
2017-08-09,1163,992,878,404,46,3482
2017-08-10,1164,1002,862,389,44,3461
2017-08-11,1185,1006,885,394,41,3511
2017-08-12,1187,989,853,375,42,3446
2017-08-13,1175,977,792,360,42,3346
2017-08-14,1187,983,835,368,43,3416
2017-08-15,1188,900,797,369,43,3297
2017-08-16,1247,917,838,383,45,3430
2017-08-17,1288,1047,852,384,48,3618
2017-08-18,1315,1069,834,379,46,3643
2017-08-19,1245,1024,791,388,47,3495
2017-08-20,1186,922,729,391,45,3272
2017-08-21,1211,912,794,406,46,3369
2017-08-22,1231,925,835,409,46,3445
2017-08-23,1201,947,849,399,48,3443
2017-08-24,1197,964,865,394,47,3467
2017-08-25,1139,927,784,409,49,3306
2017-08-26,1116,938,781,408,47,3290
2017-08-27,1117,923,753,389,47,3229
2017-08-28,1139,928,784,385,45,3281
2017-08-29,1128,879,786,394,48,3235
2017-08-30,1118,870,825,405,49,3266
2017-08-31,1084,899,852,405,48,3288
2017-09-01,978,912,868,381,47,3187
2017-09-02,964,924,856,370,47,3160
2017-09-03,972,919,804,373,44,3112
2017-09-04,1046,971,845,402,45,3309
2017-09-05,1089,960,849,414,48,3361
2017-09-06,1124,998,820,417,48,3407
2017-09-07,1119,1026,823,422,45,3436
2017-09-08,1145,1011,817,425,47,3445
2017-09-09,1179,1027,817,420,45,3488
2017-09-10,1192,1012,795,411,41,3451
2017-09-11,1205,1032,842,421,44,3544
2017-09-12,1194,1030,870,414,45,3554
2017-09-13,1210,1013,879,416,46,3564
2017-09-14,1199,1010,857,424,47,3536
2017-09-15,1212,1007,838,425,45,3527
2017-09-16,1213,991,817,435,48,3504
2017-09-17,1166,942,727,410,43,3289
2017-09-18,1193,956,765,393,42,3349
2017-09-19,1186,972,816,405,47,3426
2017-09-20,1199,950,887,401,47,3484
2017-09-21,1183,947,880,401,47,3459
2017-09-22,1071,947,896,409,48,3370
2017-09-23,949,980,894,421,47,3291
2017-09-24,972,985,870,427,47,3301
2017-09-25,1036,1036,836,432,49,3389
2017-09-26,1068,1051,833,429,51,3432
2017-09-27,1076,1070,825,414,52,3437
2017-09-28,1091,1073,799,400,47,3410
2017-09-29,1104,1066,747,368,40,3325
2017-09-30,1086,990,726,362,38,3203
2017-10-01,1050,1013,712,345,39,3158
2017-10-02,1036,1054,710,346,43,3190
2017-10-03,1055,1092,768,375,45,3335
2017-10-04,1068,1097,803,392,48,3407
2017-10-05,1097,1103,791,400,48,3439
2017-10-06,1090,1100,790,411,50,3441
2017-10-07,1092,1090,792,416,49,3438
2017-10-08,1066,1052,748,401,47,3314
2017-10-09,1086,1065,794,385,46,3376
2017-10-10,1098,1059,793,374,50,3374
2017-10-11,1077,1044,794,392,50,3358
2017-10-12,1052,1052,785,409,50,3348
2017-10-13,1040,1063,786,420,48,3357
2017-10-14,1041,1061,770,418,47,3338
2017-10-15,1006,1050,727,411,47,3240
2017-10-16,997,1079,751,412,48,3287
2017-10-17,1029,1076,759,412,49,3325
2017-10-18,1019,1039,733,419,49,3258
2017-10-19,948,975,718,392,48,3080
2017-10-20,913,876,772,366,43,2970
2017-10-21,888,910,789,359,36,2982
2017-10-22,900,945,782,366,35,3029
2017-10-23,917,1010,835,394,39,3195
2017-10-24,922,1010,855,398,43,3229
2017-10-25,919,1057,861,395,42,3274
2017-10-26,911,1066,860,380,42,3260
2017-10-27,906,1077,856,370,43,3252
2017-10-28,915,1074,840,363,41,3233
2017-10-29,865,1055,814,353,40,3127
2017-10-30,872,1081,824,352,39,3169
2017-10-31,879,1088,823,339,40,3168
2017-11-01,863,1076,810,335,41,3124
2017-11-02,880,1080,823,327,41,3151
2017-11-03,878,1079,834,334,42,3167
2017-11-04,871,1077,819,335,41,3143
2017-11-05,849,1051,759,334,40,3034
2017-11-06,865,1097,784,346,40,3132
2017-11-07,853,1117,790,345,39,3145
2017-11-08,861,1120,820,347,41,3189
2017-11-09,868,1124,845,340,42,3218
2017-11-10,871,1112,852,335,43,3212
2017-11-11,860,1096,837,332,40,3166
2017-11-12,825,1110,791,318,39,3084
2017-11-13,845,1086,836,327,39,3132
2017-11-14,836,1094,863,332,40,3165
2017-11-15,828,1095,857,328,40,3148
2017-11-16,844,1091,881,326,41,3183
2017-11-17,852,1094,897,327,40,3211
2017-11-18,832,1093,883,336,40,3184
2017-11-19,796,1063,843,331,39,3073
2017-11-20,808,1087,866,336,40,3138
2017-11-21,822,1087,880,329,41,3159
2017-11-22,834,1087,887,321,42,3170
2017-11-23,837,1082,893,317,41,3170
2017-11-24,839,1072,914,315,40,3180
2017-11-25,852,1067,880,317,40,3156
2017-11-26,829,1041,818,312,39,3039
2017-11-27,828,1070,838,324,40,3100
2017-11-28,852,1076,856,326,40,3150
2017-11-29,856,1074,852,326,41,3149
2017-11-30,859,1078,804,319,40,3099
2017-12-01,856,1069,781,317,39,3062
2017-12-02,865,1074,777,311,39,3066
2017-12-03,823,1045,744,306,39,2957
2017-12-04,840,1058,792,316,40,3046
2017-12-05,840,981,824,320,41,3006
2017-12-06,835,962,840,327,41,3005
2017-12-07,845,1011,857,325,41,3080
2017-12-08,902,1036,868,320,41,3168
2017-12-09,851,1036,865,320,41,3114
2017-12-10,837,1026,828,318,38,3047
2017-12-11,810,1055,869,324,40,3099
2017-12-12,769,1045,886,327,41,3068
2017-12-13,843,1062,900,328,43,3175
2017-12-14,845,1055,910,331,42,3182
2017-12-15,851,1063,897,332,41,3185
2017-12-16,866,1056,874,331,42,3169
2017-12-17,858,1045,834,323,39,3100
2017-12-18,865,1065,876,325,40,3172
2017-12-19,890,1054,881,328,42,3194
2017-12-20,904,1060,885,326,42,3217
2017-12-21,905,1062,893,326,42,3229
2017-12-22,910,1066,893,327,42,3238
2017-12-23,897,1061,882,325,42,3207
2017-12-24,879,1039,835,320,42,3116
2017-12-25,889,1055,855,323,41,3164
2017-12-26,921,1070,885,322,41,3238
2017-12-27,922,1056,896,327,41,3242
2017-12-28,915,1060,889,325,41,3230
2017-12-29,911,1045,912,322,42,3232
2017-12-30,898,1051,917,317,41,3224
2017-12-31,864,1016,882,314,40,3116
2018-01-01,874,1004,883,322,39,3123
2018-01-02,888,1042,923,314,41,3209
2018-01-03,917,1068,947,325,41,3298
2018-01-04,918,1045,929,328,41,3261
2018-01-05,926,1049,930,327,40,3273
2018-01-06,923,1044,912,327,42,3248
2018-01-07,893,1017,873,320,40,3143
2018-01-08,927,1042,902,339,42,3252
2018-01-09,945,1053,913,350,42,3304
2018-01-10,952,1059,906,353,43,3312
2018-01-11,945,1061,911,359,41,3317
2018-01-12,948,1070,934,360,43,3356
2018-01-13,934,1073,923,361,43,3334
2018-01-14,890,989,843,358,41,3122
2018-01-15,917,1036,825,347,42,3167
2018-01-16,909,1075,860,357,43,3244
2018-01-17,940,1075,891,357,42,3305
2018-01-18,931,1079,910,353,42,3315
2018-01-19,937,1069,904,356,41,3307
2018-01-20,931,1072,909,354,41,3307
2018-01-21,899,1041,865,344,41,3190
2018-01-22,920,1064,901,355,41,3282
2018-01-23,876,1065,920,356,41,3258
2018-01-24,870,1047,924,351,40,3233
2018-01-25,900,1049,916,346,40,3251
2018-01-26,863,976,878,348,39,3105
2018-01-27,892,1017,900,343,40,3191
2018-01-28,876,1019,872,345,39,3151
2018-01-29,904,1047,905,347,40,3243
2018-01-30,902,1058,921,349,40,3270
2018-01-31,909,1047,926,353,42,3277
2018-02-01,907,1055,914,356,42,3274
2018-02-02,909,1058,923,359,42,3291
2018-02-03,910,1063,912,359,42,3286
2018-02-04,886,1030,862,352,41,3171
2018-02-05,910,1048,905,354,41,3258
2018-02-06,921,1056,932,357,42,3308
2018-02-07,919,1048,930,363,43,3302
2018-02-08,926,1054,907,361,41,3290
2018-02-09,946,1042,931,360,41,3319
2018-02-10,941,1042,924,362,41,3309
2018-02-11,853,970,881,351,38,3093
2018-02-12,820,959,928,357,40,3104
2018-02-13,847,964,947,358,41,3157
2018-02-14,870,969,941,356,41,3177
2018-02-15,877,1007,951,360,40,3236
2018-02-16,902,1023,973,351,41,3289
2018-02-17,895,1026,967,353,40,3282
2018-02-18,864,1005,928,353,39,3189
2018-02-19,879,1034,967,360,41,3280
2018-02-20,901,1054,987,367,41,3350
2018-02-21,898,1057,989,368,42,3354
2018-02-22,907,1077,994,364,41,3384
2018-02-23,901,1075,1002,370,41,3389
2018-02-24,886,1076,987,369,40,3359
2018-02-25,859,1107,950,356,40,3311
2018-02-26,899,1082,985,357,38,3362
2018-02-27,917,1098,1001,373,39,3428
2018-02-28,922,1106,1012,380,40,3460
2018-03-01,921,1086,1014,366,40,3426
2018-03-02,805,938,987,356,38,3124
2018-03-03,797,1010,995,358,35,3194
2018-03-04,830,1110,961,359,38,3297
2018-03-05,863,1074,1005,382,39,3362
2018-03-06,889,1093,1028,378,34,3423
2018-03-07,913,1091,1025,376,39,3444
2018-03-08,909,1092,1032,389,40,3461
2018-03-09,909,1087,1037,386,39,3459
2018-03-10,902,1093,1022,382,39,3437
2018-03-11,911,1059,967,377,37,3351
2018-03-12,929,1086,1021,386,40,3462
2018-03-13,936,1101,1032,395,39,3502
2018-03-14,929,1099,1031,402,40,3501
2018-03-15,927,1095,1019,408,40,3489
2018-03-16,934,1069,993,395,38,3429
2018-03-17,918,1077,897,387,38,3317
2018-03-18,878,1058,882,382,35,3235
2018-03-19,916,1087,960,391,39,3393
2018-03-20,920,1103,989,396,42,3450
2018-03-21,876,1095,1024,414,40,3449
2018-03-22,883,1100,1039,417,40,3480
2018-03-23,912,1096,1059,418,38,3523
2018-03-24,901,1098,1057,424,39,3520
2018-03-25,868,1070,1008,407,39,3391
2018-03-26,895,1121,1052,417,38,3522
2018-03-27,900,1143,1066,418,36,3564
2018-03-28,915,1141,1079,423,38,3597
2018-03-29,907,1140,1080,431,36,3595
2018-03-30,887,1132,1057,410,32,3517
2018-03-31,850,1130,1030,375,35,3419
2018-04-01,949,1066,956,337,35,3344
2018-04-02,900,1109,960,343,39,3350
2018-04-03,921,1140,1004,390,40,3495
2018-04-04,945,1142,1020,408,42,3557
2018-04-05,942,1153,1019,393,40,3547
2018-04-06,896,1147,1016,404,41,3503
2018-04-07,852,1131,982,383,43,3390
2018-04-08,876,1082,914,359,39,3270
2018-04-09,831,1123,983,384,41,3362
2018-04-10,873,1152,1011,372,41,3450
2018-04-11,814,1122,1015,389,39,3380
2018-04-12,810,1131,1021,373,39,3374
2018-04-13,870,1150,1020,393,36,3469
2018-04-14,877,1148,1001,407,36,3469
2018-04-15,868,1112,944,404,36,3363
2018-04-16,913,1155,982,436,40,3526
2018-04-17,944,1167,1008,427,39,3586
2018-04-18,949,1160,1019,408,38,3573
2018-04-19,985,1175,1024,430,36,3650
2018-04-20,927,1164,1008,441,37,3576
2018-04-21,957,1166,999,436,35,3593
2018-04-22,901,1134,946,424,37,3442
2018-04-23,951,1173,978,441,38,3582
2018-04-24,980,1174,988,435,40,3617
2018-04-25,1017,1165,986,439,36,3642
2018-04-26,1043,1167,998,408,35,3651
2018-04-27,1060,1170,1011,394,41,3675
2018-04-28,1070,1167,1006,398,41,3682
2018-04-29,1036,1126,957,387,37,3542
2018-04-30,1008,1143,985,352,35,3524
2018-05-01,1056,1096,891,350,36,3428
2018-05-02,987,1141,932,384,33,3477
2018-05-03,889,1142,882,380,36,3330
2018-05-04,1006,1163,858,415,37,3479
2018-05-05,1054,1179,906,431,39,3610
2018-05-06,994,1146,879,429,35,3483
2018-05-07,1042,1166,937,448,35,3628
2018-05-08,976,1177,942,453,35,3583
2018-05-09,1012,1177,920,440,30,3579
2018-05-10,1049,1188,910,427,33,3606
2018-05-11,1110,1175,908,426,34,3653
2018-05-12,1113,1159,884,427,38,3620
2018-05-13,992,1132,832,403,37,3397
2018-05-14,949,1163,875,344,39,3370
2018-05-15,1072,1169,888,398,38,3564
2018-05-16,1071,1168,907,389,40,3574
2018-05-17,1131,1179,918,392,43,3663
2018-05-18,1148,1172,916,407,42,3685
2018-05-19,1131,1177,906,423,43,3680
2018-05-20,1122,1161,850,415,43,3591
2018-05-21,1165,1197,904,445,44,3754
2018-05-22,1213,1208,906,453,45,3825
2018-05-23,1238,1200,916,433,44,3830
2018-05-24,1240,1195,901,451,44,3832
2018-05-25,1228,1196,885,453,42,3805
2018-05-26,1218,1187,887,448,43,3783
2018-05-27,1233,1166,842,446,43,3730
2018-05-28,1249,1207,895,435,43,3829
2018-05-29,1258,1208,909,426,43,3843
2018-05-30,1214,1207,926,452,45,3844
2018-05-31,1258,1193,922,445,45,3862
2018-06-01,1199,1158,916,407,47,3727
2018-06-02,1074,1123,855,415,47,3515
2018-06-03,1158,1061,799,436,47,3500
2018-06-04,1263,1004,838,456,47,3608
2018-06-05,1277,1132,869,457,49,3784
2018-06-06,1172,1132,864,463,49,3680
2018-06-07,1259,1108,831,467,49,3713
2018-06-08,1271,1108,823,446,52,3700
2018-06-09,1151,1067,791,440,52,3500
2018-06-10,1100,1027,753,437,49,3366
2018-06-11,1209,1074,810,440,48,3582
2018-06-12,1262,1084,829,425,46,3646
2018-06-13,1251,1092,859,434,42,3677
2018-06-14,1248,1120,880,445,41,3734
2018-06-15,1270,1140,898,449,42,3799
2018-06-16,1242,1121,880,458,42,3744
2018-06-17,1097,1076,835,447,42,3495
2018-06-18,1150,1115,880,467,42,3654
2018-06-19,1198,1130,906,476,47,3757
2018-06-20,1304,1126,925,454,48,3857
2018-06-21,1317,1121,928,446,50,3862
2018-06-22,1373,1083,920,458,49,3884
2018-06-23,1383,1046,891,452,50,3821
2018-06-24,1360,990,852,421,48,3671
2018-06-25,1394,1027,893,409,48,3771
2018-06-26,1343,1018,906,397,51,3714
2018-06-27,1228,1016,891,399,50,3584
2018-06-28,1056,1004,880,410,49,3399
2018-06-29,1085,998,894,423,50,3449
2018-06-30,1170,1014,880,428,49,3540
2018-07-01,1167,1009,833,410,47,3467
2018-07-02,1188,1047,878,409,47,3570
2018-07-03,1164,1016,870,399,47,3496
2018-07-04,1126,995,908,407,46,3483
2018-07-05,1209,1011,916,412,49,3598
2018-07-06,1272,1021,914,429,51,3686
2018-07-07,1353,1027,866,438,53,3738
2018-07-08,1365,990,812,427,50,3644
2018-07-09,1408,1012,841,439,50,3749
2018-07-10,1421,1012,879,441,52,3805
2018-07-11,1386,1000,836,445,53,3720
2018-07-12,1342,985,818,448,50,3643
2018-07-13,1266,972,828,446,51,3562
2018-07-14,1203,974,814,439,51,3481
2018-07-15,1230,928,777,440,50,3425
2018-07-16,1269,936,816,436,51,3507
2018-07-17,1255,931,847,427,53,3513
2018-07-18,1277,937,888,454,54,3609
2018-07-19,1270,950,915,464,55,3653
2018-07-20,1262,958,904,460,55,3639
2018-07-21,1187,956,895,418,48,3504
2018-07-22,1101,916,868,380,49,3315
2018-07-23,1156,939,927,410,49,3482
2018-07-24,1213,955,947,422,49,3585
2018-07-25,1168,955,957,425,50,3553
2018-07-26,1016,939,965,409,50,3379
2018-07-27,1002,950,969,412,52,3385
2018-07-28,1020,979,970,418,52,3439
2018-07-29,1060,988,937,413,49,3447
2018-07-30,1105,1041,992,419,50,3606
2018-07-31,1172,1059,992,418,50,3691
2018-08-01,1187,1062,976,413,50,3689
2018-08-02,1240,1083,962,410,46,3740
2018-08-03,1249,1099,970,417,50,3785
2018-08-04,1279,1109,958,435,52,3832
2018-08-05,1232,1093,922,425,50,3723
2018-08-06,1195,1120,956,426,52,3748
2018-08-07,1151,1127,952,425,53,3708
2018-08-08,1167,1107,899,432,49,3654
2018-08-09,1218,1082,934,456,53,3742
2018-08-10,1282,1107,952,466,54,3860
2018-08-11,1276,1103,881,467,52,3780
2018-08-12,1190,1070,801,451,50,3562
2018-08-13,1214,1105,847,452,49,3667
2018-08-14,1264,1131,849,457,53,3755
2018-08-15,1201,1042,782,436,49,3510
2018-08-16,1242,1034,771,442,50,3538
2018-08-17,1286,980,826,480,53,3625
2018-08-18,1267,987,842,481,53,3631
2018-08-19,1218,967,816,458,54,3512
2018-08-20,1256,991,833,438,51,3569
2018-08-21,1283,967,874,453,52,3629
2018-08-22,1310,953,925,463,53,3704
2018-08-23,1187,979,943,471,53,3632
2018-08-24,1170,993,952,468,52,3635
2018-08-25,1171,994,941,450,52,3608
2018-08-26,1120,923,893,431,50,3417
2018-08-27,1198,960,897,443,51,3549
2018-08-28,1209,998,903,447,52,3610
2018-08-29,1194,988,925,458,51,3617
2018-08-30,1219,1017,953,451,52,3692
2018-08-31,1249,1017,952,447,53,3717
2018-09-01,1193,1005,928,438,53,3615
2018-09-02,1097,963,889,418,49,3415
2018-09-03,1072,956,957,433,51,3469
2018-09-04,1089,999,994,441,55,3577
2018-09-05,1111,1038,1001,427,53,3632
2018-09-06,1129,1052,1010,414,52,3656
2018-09-07,1118,1072,1022,413,51,3676
2018-09-08,1056,1058,1015,430,51,3610
2018-09-09,1030,1054,980,440,50,3553
2018-09-10,1078,1110,997,441,48,3673
2018-09-11,1138,1150,1027,440,46,3800
2018-09-12,1136,1167,1005,440,45,3794
2018-09-13,1133,1159,981,448,46,3768
2018-09-14,1169,1199,1005,452,49,3874
2018-09-15,1187,1172,1001,453,49,3862
2018-09-16,1162,1201,944,438,49,3793
2018-09-17,1211,1211,927,424,50,3822
2018-09-18,1240,1231,920,442,54,3887
2018-09-19,1258,1239,930,447,52,3925
2018-09-20,1248,1238,938,412,52,3888
2018-09-21,1207,1201,922,370,51,3750
2018-09-22,982,1132,927,413,50,3504
2018-09-23,854,1076,924,438,50,3342
2018-09-24,872,1155,955,455,48,3485
2018-09-25,915,1194,978,450,46,3584
2018-09-26,973,1208,951,447,46,3625
2018-09-27,1007,1218,940,462,48,3675
2018-09-28,1033,1221,948,463,49,3715
2018-09-29,1042,1216,938,483,51,3730
2018-09-30,1022,1206,916,472,46,3663
2018-10-01,1068,1231,948,463,48,3758
2018-10-02,1037,1236,915,485,47,3720
2018-10-03,1084,1254,942,478,45,3804
2018-10-04,1113,1247,931,475,47,3813
2018-10-05,1119,1248,929,484,48,3829
2018-10-06,1103,1261,919,473,47,3802
2018-10-07,1064,1244,895,462,45,3710
2018-10-08,1083,1278,944,474,44,3823
2018-10-09,1074,1273,966,465,44,3823
2018-10-10,1093,1272,976,442,44,3827
2018-10-11,1031,1283,977,389,43,3723
2018-10-12,1017,1286,1009,382,41,3736
2018-10-13,996,1284,1010,394,42,3727
2018-10-14,939,1264,971,399,41,3614
2018-10-15,975,1288,988,415,44,3710
2018-10-16,984,1293,978,402,43,3700
2018-10-17,1013,1279,922,396,42,3651
2018-10-18,1023,1215,839,385,41,3503
2018-10-19,949,1236,860,384,36,3464
2018-10-20,957,1273,899,399,40,3568
2018-10-21,939,1254,894,404,43,3535
2018-10-22,942,1267,952,424,42,3627
2018-10-23,951,1277,984,414,43,3669
2018-10-24,949,1264,992,418,43,3666
2018-10-25,950,1266,1008,406,45,3675
2018-10-26,948,1255,1008,394,44,3650
2018-10-27,944,1246,1002,385,44,3621
2018-10-28,900,1211,953,377,41,3483
2018-10-29,929,1229,981,382,42,3563
2018-10-30,925,1231,1007,373,44,3580
2018-10-31,934,1224,1023,397,44,3621
2018-11-01,928,1215,975,410,43,3571
2018-11-02,928,1226,960,398,44,3557
2018-11-03,910,1225,941,396,43,3514
2018-11-04,874,1205,910,387,40,3416
2018-11-05,927,1211,936,400,40,3515
2018-11-06,906,1177,907,411,42,3442
2018-11-07,828,1041,878,388,41,3176
2018-11-08,760,972,902,388,41,3063
2018-11-09,804,1008,948,370,42,3172
2018-11-10,849,1046,957,362,41,3256
2018-11-11,849,1070,931,360,40,3250
2018-11-12,880,1117,959,373,41,3369
2018-11-13,903,1137,962,362,42,3407
2018-11-14,880,1150,967,356,44,3397
2018-11-15,888,1157,959,354,43,3402
2018-11-16,892,1153,891,365,43,3343
2018-11-17,887,1168,899,359,42,3354
2018-11-18,860,1148,868,347,40,3263
2018-11-19,885,1175,902,356,41,3358
2018-11-20,903,1169,911,352,42,3377
2018-11-21,894,1176,901,362,42,3375
2018-11-22,904,1185,872,348,42,3351
2018-11-23,902,1166,870,349,43,3329
2018-11-24,893,1166,868,347,43,3318
2018-11-25,870,1140,831,342,41,3224
2018-11-26,900,1166,874,348,41,3328
2018-11-27,898,1163,884,347,43,3334
2018-11-28,922,1147,898,351,44,3362
2018-11-29,911,1152,897,349,44,3354
2018-11-30,919,1143,899,363,44,3368
2018-12-01,911,1128,892,347,43,3322
2018-12-02,874,1101,845,337,41,3198
2018-12-03,899,1132,896,338,42,3306
2018-12-04,921,1145,892,340,43,3341
2018-12-05,933,1149,890,346,38,3357
2018-12-06,941,1156,902,335,43,3376
2018-12-07,924,1151,896,343,39,3354
2018-12-08,931,1149,906,340,43,3368
2018-12-09,906,1112,861,333,41,3252
2018-12-10,916,1125,911,343,41,3336
2018-12-11,926,1121,928,347,43,3365
2018-12-12,901,1120,932,349,42,3344
2018-12-13,901,1109,935,351,42,3338
2018-12-14,918,1098,924,348,42,3330
2018-12-15,908,1101,908,352,41,3310
2018-12-16,889,1072,848,341,41,3192
2018-12-17,924,1079,850,328,40,3221
2018-12-18,937,1085,873,299,39,3233
2018-12-19,945,1078,888,340,41,3292
2018-12-20,949,1103,909,341,42,3344
2018-12-21,951,1111,929,342,43,3376
2018-12-22,948,1110,915,343,42,3358
2018-12-23,918,1080,855,332,40,3225
2018-12-24,936,1115,900,340,41,3331
2018-12-25,937,1123,904,339,42,3346
2018-12-26,970,1113,932,352,42,3409
2018-12-27,971,1109,952,345,42,3420
2018-12-28,989,1094,951,346,43,3423
2018-12-29,972,1082,919,340,42,3356
2018-12-30,941,1063,862,341,42,3248
2018-12-31,955,1083,901,351,43,3332
2019-01-01,959,1073,878,346,42,3298
2019-01-02,945,1092,896,345,42,3320
2019-01-03,953,1115,906,356,40,3370
2019-01-04,966,1118,921,359,42,3407
2019-01-05,941,1120,909,358,44,3371
2019-01-06,903,1090,870,352,41,3256
2019-01-07,935,1104,907,351,41,3338
2019-01-08,969,1118,916,349,41,3393
2019-01-09,973,1118,911,343,41,3386
2019-01-10,973,1125,925,352,42,3417
2019-01-11,983,1125,936,356,43,3442
2019-01-12,964,1123,922,355,44,3408
2019-01-13,929,1097,885,341,42,3294
2019-01-14,937,1044,899,355,43,3279
2019-01-15,976,1073,842,352,42,3285
2019-01-16,977,1111,838,359,40,3326
2019-01-17,984,1122,861,353,42,3362
2019-01-18,986,1127,899,359,42,3413
2019-01-19,969,1123,900,364,43,3399
2019-01-20,926,1108,872,350,42,3298
2019-01-21,881,1120,907,353,42,3304
2019-01-22,799,1114,920,374,42,3248
2019-01-23,880,1118,931,370,42,3341
2019-01-24,894,1105,941,356,43,3338
2019-01-25,882,1065,940,362,43,3293
2019-01-26,835,970,883,357,41,3087
2019-01-27,851,995,841,354,41,3081
2019-01-28,910,1059,867,368,43,3247
2019-01-29,930,1076,884,370,42,3302
2019-01-30,949,1086,908,368,42,3354
2019-01-31,939,1093,910,369,43,3353
2019-02-01,923,1085,925,369,43,3345
2019-02-02,930,1087,915,366,43,3341
2019-02-03,899,1066,885,355,42,3246
2019-02-04,913,1100,926,360,43,3341
2019-02-05,939,1123,949,367,43,3421
2019-02-06,918,1117,965,372,43,3415
2019-02-07,834,1081,974,366,43,3298
2019-02-08,850,1080,993,345,43,3309
2019-02-09,882,1062,968,335,42,3288
2019-02-10,866,1043,919,342,41,3211
2019-02-11,896,1085,953,351,41,3325
2019-02-12,910,1115,971,362,41,3398
2019-02-13,914,1121,979,361,42,3417
2019-02-14,870,1111,988,372,43,3384
2019-02-15,862,1075,999,373,43,3352
2019-02-16,877,1063,994,341,42,3317
2019-02-17,855,1064,967,345,37,3268
2019-02-18,867,1096,1006,352,40,3361
2019-02-19,882,1112,1043,361,41,3439
2019-02-20,893,1133,1038,351,41,3456
2019-02-21,887,1144,1038,376,43,3488
2019-02-22,896,1152,1038,382,42,3511
2019-02-23,896,1144,1032,383,43,3498
2019-02-24,867,1108,985,376,40,3376
2019-02-25,889,1124,1044,340,42,3440
2019-02-26,887,1117,1060,344,40,3448
2019-02-27,869,1102,1076,336,41,3424
2019-02-28,869,1102,1080,335,38,3423
2019-03-01,916,1098,1089,345,41,3489
2019-03-02,882,1108,1073,359,43,3465
2019-03-03,798,1072,1022,354,40,3287
2019-03-04,855,1091,1067,364,42,3418
2019-03-05,875,1122,1089,364,40,3490
2019-03-06,892,1126,1085,363,39,3506
2019-03-07,911,1140,1096,366,41,3553
2019-03-08,919,1137,1103,369,41,3570
2019-03-09,903,1126,1087,376,41,3534
2019-03-10,884,1108,1046,369,40,3448
2019-03-11,897,1141,1093,394,43,3568
2019-03-12,918,1160,1101,407,43,3628
2019-03-13,925,1150,1095,410,42,3622
2019-03-14,890,1136,1104,409,43,3582
2019-03-15,904,1134,1107,392,43,3580
2019-03-16,923,1140,1095,393,42,3593
2019-03-17,898,1104,1041,379,42,3465
2019-03-18,930,1131,1092,369,42,3564
2019-03-19,946,1154,1119,398,42,3659
2019-03-20,920,1128,1121,403,42,3614
2019-03-21,811,956,1087,374,40,3268
2019-03-22,839,1052,1108,374,39,3413
2019-03-23,874,1129,1115,389,40,3547
2019-03-24,887,1125,1072,391,41,3516
2019-03-25,910,1166,1113,412,43,3644
2019-03-26,917,1187,1137,395,42,3677
2019-03-27,942,1198,1126,410,40,3717
2019-03-28,944,1204,1120,424,43,3734
2019-03-29,975,1204,1129,439,44,3792
2019-03-30,979,1212,1127,434,44,3795
2019-03-31,916,1161,1063,420,31,3591
2019-04-01,946,1188,1093,392,33,3652
2019-04-02,969,1206,1113,437,35,3761
2019-04-03,988,1223,1125,455,36,3827
2019-04-04,1000,1232,1114,465,40,3851
2019-04-05,1003,1213,1100,461,39,3816
2019-04-06,998,1209,1067,412,41,3728
2019-04-07,909,1180,1008,349,37,3483
2019-04-08,940,1219,1074,388,39,3660
2019-04-09,994,1236,1083,379,39,3731
2019-04-10,1010,1239,1091,393,41,3773
2019-04-11,1020,1246,1060,431,44,3800
2019-04-12,1017,1246,1083,446,46,3837
2019-04-13,1015,1231,1075,440,47,3809
2019-04-14,978,1193,1038,438,41,3688
2019-04-15,1007,1210,1076,455,39,3787
2019-04-16,830,1159,1095,458,38,3581
2019-04-17,774,1103,1076,413,31,3397
2019-04-18,827,1164,989,433,41,3455
2019-04-19,885,1167,994,421,44,3511
2019-04-20,923,1197,999,427,40,3586
2019-04-21,913,1171,941,418,41,3484
2019-04-22,1002,1228,987,416,41,3675
2019-04-23,1059,1207,974,432,45,3717
2019-04-24,1063,1243,1014,454,47,3821
2019-04-25,1108,1269,1037,473,48,3936
2019-04-26,1119,1276,1052,474,46,3967
2019-04-27,1092,1272,1052,474,46,3937
2019-04-28,1054,1247,992,471,40,3804
2019-04-29,1137,1262,1032,482,42,3954
2019-04-30,1160,1267,1007,475,40,3948
2019-05-01,1160,1201,898,447,37,3742
2019-05-02,1104,1235,965,448,42,3794
2019-05-03,1068,1220,1010,353,42,3694
2019-05-04,1129,1211,1019,319,34,3711
2019-05-05,1077,1184,982,372,34,3648
2019-05-06,1144,1217,1045,410,41,3857
2019-05-07,1179,1230,1037,444,42,3932
2019-05-08,1224,1221,1014,468,43,3971
2019-05-09,1243,1224,1027,474,42,4009
2019-05-10,1228,1220,1051,483,43,4024
2019-05-11,1196,1212,1045,482,43,3977
2019-05-12,1158,1185,978,463,41,3825
2019-05-13,1157,1212,1016,464,36,3884
2019-05-14,1150,1220,1029,430,39,3867
2019-05-15,1152,1217,1026,441,42,3877
2019-05-16,1140,1220,1029,460,43,3892
2019-05-17,1089,1223,1037,484,43,3874
2019-05-18,1041,1216,1018,489,42,3808
2019-05-19,1093,1189,982,467,42,3772
2019-05-20,1165,1244,1034,484,44,3971
2019-05-21,1209,1260,1052,486,47,4053
2019-05-22,1219,1254,1054,478,47,4051
2019-05-23,1253,1276,1060,458,44,4091
2019-05-24,1147,1254,1025,476,42,3944
2019-05-25,1175,1248,1009,443,42,3918
2019-05-26,1175,1216,961,440,45,3836
2019-05-27,1235,1254,1008,485,43,4025
2019-05-28,1277,1266,1051,483,47,4124
2019-05-29,1306,1260,1024,490,48,4129
2019-05-30,1347,1263,1018,472,46,4145
2019-05-31,1342,1253,1027,445,45,4112
2019-06-01,1333,1164,994,465,46,4002
2019-06-02,1324,1211,946,420,48,3949
2019-06-03,1306,1236,921,412,47,3922
2019-06-04,1313,1247,971,452,46,4028
2019-06-05,1382,1243,970,449,50,4093
2019-06-06,1344,1249,939,437,51,4020
2019-06-07,1282,1238,955,446,49,3970
2019-06-08,1341,1218,937,454,50,4000
2019-06-09,1322,1200,905,467,48,3943
2019-06-10,1384,1213,935,472,50,4054
2019-06-11,1415,1225,954,478,52,4124
2019-06-12,1280,1186,957,465,56,3944
2019-06-13,1355,1102,958,428,54,3897
2019-06-14,1445,1135,976,487,51,4093
2019-06-15,1412,1143,982,468,51,4056
2019-06-16,1281,1101,965,458,50,3855
2019-06-17,1282,1125,1009,478,49,3944
2019-06-18,1176,1126,1025,462,53,3842
2019-06-19,1253,1114,1033,486,54,3940
2019-06-20,1258,1147,1014,486,55,3960
2019-06-21,1334,1160,949,454,53,3950
2019-06-22,1347,1136,949,414,51,3897
2019-06-23,1314,1076,879,434,53,3755
2019-06-24,1318,1096,929,477,54,3874
2019-06-25,1362,1117,963,496,53,3991
2019-06-26,1423,1118,952,470,47,4011
2019-06-27,1439,1115,960,463,50,4027
2019-06-28,1472,1060,966,462,49,4008
2019-06-29,1482,1034,949,457,51,3974
2019-06-30,1447,988,879,444,53,3812
2019-07-01,1493,1000,919,438,53,3902
2019-07-02,1461,1000,936,416,52,3864
2019-07-03,1491,989,940,433,51,3905
2019-07-04,1439,994,957,454,55,3898
2019-07-05,1364,989,943,457,54,3807
2019-07-06,1308,979,932,431,50,3700
2019-07-07,1284,949,887,397,45,3562
2019-07-08,1346,1010,942,417,46,3761
2019-07-09,1258,1035,963,416,48,3721
2019-07-10,1280,1057,944,424,47,3750
2019-07-11,1268,1076,943,401,46,3734
2019-07-12,1294,1099,968,404,45,3810
2019-07-13,1280,1116,950,423,46,3816
2019-07-14,1214,1091,891,425,43,3666
2019-07-15,1180,1144,923,473,42,3763
2019-07-16,1106,1173,952,473,46,3749
2019-07-17,1128,1196,972,466,48,3810
2019-07-18,1180,1203,955,495,51,3884
2019-07-19,1239,1201,924,486,53,3903
2019-07-20,1277,1177,878,487,52,3871
2019-07-21,1262,1107,848,481,51,3749
2019-07-22,1343,1156,887,492,50,3928
2019-07-23,1397,1190,891,482,47,4008
2019-07-24,1394,1170,930,451,49,3993
2019-07-25,1233,1111,923,439,51,3758
2019-07-26,1200,1065,882,443,51,3641
2019-07-27,1135,1027,868,432,49,3511
2019-07-28,1093,993,827,415,50,3378
2019-07-29,1217,994,869,412,51,3544
2019-07-30,1295,961,877,439,51,3623
2019-07-31,1304,945,929,472,51,3701
2019-08-01,1304,945,929,472,51,3701
2019-08-02,1251,958,897,471,53,3629
2019-08-03,1215,951,869,474,54,3564
2019-08-04,1227,910,829,468,53,3486
2019-08-05,1318,968,881,483,55,3705
2019-08-06,1246,990,851,467,56,3609
2019-08-07,1219,988,826,410,52,3495
2019-08-08,1279,965,813,384,55,3495
2019-08-09,1234,934,832,444,55,3499
2019-08-10,1272,916,852,479,55,3574
2019-08-11,1289,925,846,468,57,3585
2019-08-12,1358,978,907,455,53,3751
2019-08-13,1303,1004,915,420,51,3693
2019-08-14,1254,982,920,431,53,3639
2019-08-15,1142,830,876,425,49,3323
2019-08-16,1152,911,932,457,51,3502
2019-08-17,1049,984,894,451,53,3432
2019-08-18,961,989,851,423,52,3275
2019-08-19,1083,1032,896,430,53,3494
2019-08-20,1177,1052,896,462,56,3643
2019-08-21,1225,1059,905,490,58,3736
2019-08-22,1238,1056,886,489,58,3726
2019-08-23,1308,1063,882,463,53,3769
2019-08-24,1275,1024,893,445,54,3690
2019-08-25,1194,1001,862,426,54,3537
2019-08-26,1245,1041,922,444,56,3708
2019-08-27,1340,1040,966,456,57,3859
2019-08-28,1384,1053,991,461,53,3942
2019-08-29,1385,1077,1013,471,57,4004
2019-08-30,1369,1073,1004,484,57,3986
2019-08-31,1385,1053,951,482,54,3925
2019-09-01,1261,996,857,470,53,3637
2019-09-02,1308,973,840,475,54,3650
2019-09-03,1357,1008,856,476,55,3751
2019-09-04,1352,1003,871,466,53,3745
2019-09-05,1333,1006,894,467,53,3754
2019-09-06,1340,1015,918,466,55,3793
2019-09-07,1331,1005,918,461,55,3770
2019-09-08,1293,954,886,444,52,3629
2019-09-09,1352,976,963,463,53,3807
2019-09-10,1407,982,988,463,54,3893
2019-09-11,1416,986,963,473,54,3892
2019-09-12,1429,941,935,452,53,3810
2019-09-13,1378,957,941,450,51,3777
2019-09-14,1357,974,935,461,51,3778
2019-09-15,1308,965,882,466,50,3672
2019-09-16,1341,1022,913,479,51,3806
2019-09-17,1328,1024,888,459,50,3749
2019-09-18,1287,1019,856,437,52,3651
2019-09-19,1245,1017,846,469,56,3633
2019-09-20,1276,1020,860,485,55,3695
2019-09-21,1269,1022,867,460,55,3674
2019-09-22,1125,989,834,434,50,3432
2019-09-23,1158,1036,874,445,46,3559
2019-09-24,1177,1029,841,432,42,3521
2019-09-25,1187,1000,825,401,44,3457
2019-09-26,1150,984,813,382,47,3377
2019-09-27,1088,958,834,378,48,3306
2019-09-28,999,943,848,349,49,3187
2019-09-29,888,911,829,323,45,2996
2019-09-30,929,944,860,354,44,3131
2019-10-01,963,960,886,370,45,3223
2019-10-02,919,956,836,389,47,3147
2019-10-03,971,1004,881,405,49,3310
2019-10-04,963,1009,899,417,49,3337
2019-10-05,984,1017,881,406,51,3337
2019-10-06,976,984,834,404,48,3247
2019-10-07,989,1005,813,382,43,3231
2019-10-08,931,937,821,356,40,3085
2019-10-09,1005,1006,864,351,41,3266
2019-10-10,1030,1055,880,381,44,3391
2019-10-11,1037,1058,884,410,48,3436
2019-10-12,1026,1063,874,406,46,3415
2019-10-13,986,1045,829,403,47,3309
2019-10-14,1026,1094,879,411,48,3458
2019-10-15,1040,1111,874,413,48,3486
2019-10-16,1037,1127,853,405,48,3470
2019-10-17,1034,1140,828,420,50,3473
2019-10-18,986,1121,833,430,49,3419
2019-10-19,974,1065,796,429,48,3312
2019-10-20,924,997,749,415,48,3134
2019-10-21,924,996,766,412,45,3143
2019-10-22,929,1020,770,416,46,3180
2019-10-23,932,1009,773,396,45,3155
2019-10-24,939,991,771,349,43,3093
2019-10-25,950,963,781,330,40,3064
2019-10-26,900,911,750,345,38,2944
2019-10-27,820,810,679,352,41,2702
2019-10-28,770,773,697,356,40,2635
2019-10-29,821,811,725,357,42,2757
2019-10-30,867,862,724,362,43,2858
2019-10-31,887,914,741,371,44,2957
2019-11-01,899,942,740,378,44,3003
2019-11-02,884,940,774,373,44,3014
2019-11-03,836,917,756,364,43,2916
2019-11-04,882,981,819,369,43,3093
2019-11-05,886,1001,852,365,44,3147
2019-11-06,891,1018,881,360,43,3193
2019-11-07,829,1002,877,350,43,3101
2019-11-08,838,988,870,345,43,3085
2019-11-09,853,998,848,323,43,3064
2019-11-10,820,985,808,326,39,2978
2019-11-11,851,1035,863,345,42,3135
2019-11-12,855,1052,895,353,42,3196
2019-11-13,866,1062,901,343,42,3213
2019-11-14,859,1056,907,334,42,3198
2019-11-15,853,1054,900,343,43,3193
2019-11-16,851,1069,886,338,42,3187
2019-11-17,815,1047,854,326,40,3082
2019-11-18,853,1084,909,333,40,3220
2019-11-19,866,1097,919,341,42,3264
2019-11-20,874,1104,918,345,41,3282
2019-11-21,877,1116,910,345,42,3290
2019-11-22,881,1125,899,346,42,3292
2019-11-23,867,1123,881,343,41,3255
2019-11-24,837,1098,834,329,40,3138
2019-11-25,865,1137,892,333,40,3268
2019-11-26,861,1150,893,340,40,3284
2019-11-27,853,1146,888,343,41,3270
2019-11-28,813,1146,875,344,41,3219
2019-11-29,836,1147,878,344,41,3246
2019-11-30,835,1145,857,349,41,3227
2019-12-01,794,1102,755,336,38,3025
2019-12-02,830,1131,783,342,40,3127
2019-12-03,849,1137,792,348,40,3167
2019-12-04,868,1145,820,339,40,3212
2019-12-05,883,1157,834,339,39,3252
2019-12-06,891,1145,850,341,41,3269
2019-12-07,883,1132,841,340,40,3235
2019-12-08,846,1102,795,335,39,3118
2019-12-09,873,1143,858,340,39,3253
2019-12-10,894,1165,888,350,38,3335
2019-12-11,898,1166,910,347,40,3360
2019-12-12,843,1142,921,348,37,3291
2019-12-13,748,1090,926,332,37,3132
2019-12-14,830,1100,888,333,38,3189
2019-12-15,819,1060,826,333,37,3075
2019-12-16,866,1080,887,329,39,3200
2019-12-17,892,1099,906,337,39,3273
2019-12-18,912,1106,916,341,40,3315
2019-12-19,920,1122,938,337,39,3357
2019-12-20,945,1133,947,339,41,3404
2019-12-21,932,1136,932,341,41,3381
2019-12-22,910,1113,900,334,38,3294
2019-12-23,949,1145,945,339,41,3420
2019-12-24,961,1150,965,340,40,3456
2019-12-25,970,1132,929,344,41,3416
2019-12-26,993,1115,950,339,41,3439
2019-12-27,1005,1116,963,343,41,3468
2019-12-28,997,1111,943,347,41,3439
2019-12-29,979,1090,893,344,39,3346
2019-12-30,1012,1124,922,351,40,3449
2019-12-31,1021,1113,952,352,42,3480
