Date,GDP_Growth,GDP
1-Jan-18,7.30,2039.13
2-Jan-18,7.30,2039.13
3-Jan-18,7.30,2039.13
4-Jan-18,7.30,2039.13
5-Jan-18,7.30,2039.13
6-Jan-18,7.30,2039.13
7-Jan-18,7.30,2039.13
8-Jan-18,7.30,2039.13
9-Jan-18,7.30,2039.13
10-Jan-18,7.30,2039.13
11-Jan-18,7.30,2039.13
12-Jan-18,7.30,2039.13
13-Jan-18,7.30,2039.13
14-Jan-18,7.30,2039.13
15-Jan-18,7.30,2039.13
16-Jan-18,7.30,2039.13
17-Jan-18,7.30,2039.13
18-Jan-18,7.30,2039.13
19-Jan-18,7.30,2039.13
20-Jan-18,7.30,2039.13
21-Jan-18,7.30,2039.13
22-Jan-18,7.30,2039.13
23-Jan-18,7.30,2039.13
24-Jan-18,7.30,2039.13
25-Jan-18,7.30,2039.13
26-Jan-18,7.30,2039.13
27-Jan-18,7.30,2039.13
28-Jan-18,7.30,2039.13
29-Jan-18,7.30,2039.13
30-Jan-18,7.30,2039.13
31-Jan-18,7.30,2039.13
1-Feb-18,7.30,2039.13
2-Feb-18,7.30,2039.13
3-Feb-18,7.30,2039.13
4-Feb-18,7.30,2039.13
5-Feb-18,7.30,2039.13
6-Feb-18,7.30,2039.13
7-Feb-18,7.30,2039.13
8-Feb-18,7.30,2039.13
9-Feb-18,7.30,2039.13
10-Feb-18,7.30,2039.13
11-Feb-18,7.30,2039.13
12-Feb-18,7.30,2039.13
13-Feb-18,7.30,2039.13
14-Feb-18,7.30,2039.13
15-Feb-18,7.30,2039.13
16-Feb-18,7.30,2039.13
17-Feb-18,7.30,2039.13
18-Feb-18,7.30,2039.13
19-Feb-18,7.30,2039.13
20-Feb-18,7.30,2039.13
21-Feb-18,7.30,2039.13
22-Feb-18,7.30,2039.13
23-Feb-18,7.30,2039.13
24-Feb-18,7.30,2039.13
25-Feb-18,7.30,2039.13
26-Feb-18,7.30,2039.13
27-Feb-18,7.30,2039.13
28-Feb-18,7.30,2039.13
1-Mar-18,7.30,2039.13
2-Mar-18,7.30,2039.13
3-Mar-18,7.30,2039.13
4-Mar-18,7.30,2039.13
5-Mar-18,7.30,2039.13
6-Mar-18,7.30,2039.13
7-Mar-18,7.30,2039.13
8-Mar-18,7.30,2039.13
9-Mar-18,7.30,2039.13
10-Mar-18,7.30,2039.13
11-Mar-18,7.30,2039.13
12-Mar-18,7.30,2039.13
13-Mar-18,7.30,2039.13
14-Mar-18,7.30,2039.13
15-Mar-18,7.30,2039.13
16-Mar-18,7.30,2039.13
17-Mar-18,7.30,2039.13
18-Mar-18,7.30,2039.13
19-Mar-18,7.30,2039.13
20-Mar-18,7.30,2039.13
21-Mar-18,7.30,2039.13
22-Mar-18,7.30,2039.13
23-Mar-18,7.30,2039.13
24-Mar-18,7.30,2039.13
25-Mar-18,7.30,2039.13
26-Mar-18,7.30,2039.13
27-Mar-18,7.30,2039.13
28-Mar-18,7.30,2039.13
29-Mar-18,7.30,2039.13
30-Mar-18,7.30,2039.13
31-Mar-18,7.30,2039.13
1-Apr-18,7.30,2039.13
2-Apr-18,7.30,2039.13
3-Apr-18,7.30,2039.13
4-Apr-18,7.30,2039.13
5-Apr-18,7.30,2039.13
6-Apr-18,7.30,2039.13
7-Apr-18,7.30,2039.13
8-Apr-18,7.30,2039.13
9-Apr-18,7.30,2039.13
10-Apr-18,7.30,2039.13
11-Apr-18,7.30,2039.13
12-Apr-18,7.30,2039.13
13-Apr-18,7.30,2039.13
14-Apr-18,7.30,2039.13
15-Apr-18,7.30,2039.13
16-Apr-18,7.30,2039.13
17-Apr-18,7.30,2039.13
18-Apr-18,7.30,2039.13
19-Apr-18,7.30,2039.13
20-Apr-18,7.30,2039.13
21-Apr-18,7.30,2039.13
22-Apr-18,7.30,2039.13
23-Apr-18,7.30,2039.13
24-Apr-18,7.30,2039.13
25-Apr-18,7.30,2039.13
26-Apr-18,7.30,2039.13
27-Apr-18,7.30,2039.13
28-Apr-18,7.30,2039.13
29-Apr-18,7.30,2039.13
30-Apr-18,7.30,2039.13
1-May-18,7.30,2039.13
2-May-18,7.30,2039.13
3-May-18,7.30,2039.13
4-May-18,7.30,2039.13
5-May-18,7.30,2039.13
6-May-18,7.30,2039.13
7-May-18,7.30,2039.13
8-May-18,7.30,2039.13
9-May-18,7.30,2039.13
10-May-18,7.30,2039.13
11-May-18,7.30,2039.13
12-May-18,7.30,2039.13
13-May-18,7.30,2039.13
14-May-18,7.30,2039.13
15-May-18,7.30,2039.13
16-May-18,7.30,2039.13
17-May-18,7.30,2039.13
18-May-18,7.30,2039.13
19-May-18,7.30,2039.13
20-May-18,7.30,2039.13
21-May-18,7.30,2039.13
22-May-18,7.30,2039.13
23-May-18,7.30,2039.13
24-May-18,7.30,2039.13
25-May-18,7.30,2039.13
26-May-18,7.30,2039.13
27-May-18,7.30,2039.13
28-May-18,7.30,2039.13
29-May-18,7.30,2039.13
30-May-18,7.30,2039.13
31-May-18,7.30,2039.13
1-Jun-18,7.30,2039.13
2-Jun-18,7.30,2039.13
3-Jun-18,7.30,2039.13
4-Jun-18,7.30,2039.13
5-Jun-18,7.30,2039.13
6-Jun-18,7.30,2039.13
7-Jun-18,7.30,2039.13
8-Jun-18,7.30,2039.13
9-Jun-18,7.30,2039.13
10-Jun-18,7.30,2039.13
11-Jun-18,7.30,2039.13
12-Jun-18,7.30,2039.13
13-Jun-18,7.30,2039.13
14-Jun-18,7.30,2039.13
15-Jun-18,7.30,2039.13
16-Jun-18,7.30,2039.13
17-Jun-18,7.30,2039.13
18-Jun-18,7.30,2039.13
19-Jun-18,7.30,2039.13
20-Jun-18,7.30,2039.13
21-Jun-18,7.30,2039.13
22-Jun-18,7.30,2039.13
23-Jun-18,7.30,2039.13
24-Jun-18,7.30,2039.13
25-Jun-18,7.30,2039.13
26-Jun-18,7.30,2039.13
27-Jun-18,7.30,2039.13
28-Jun-18,7.30,2039.13
29-Jun-18,7.30,2039.13
30-Jun-18,7.30,2039.13
1-Jul-18,7.30,2039.13
2-Jul-18,7.30,2039.13
3-Jul-18,7.30,2039.13
4-Jul-18,7.30,2039.13
5-Jul-18,7.30,2039.13
6-Jul-18,7.30,2039.13
7-Jul-18,7.30,2039.13
8-Jul-18,7.30,2039.13
9-Jul-18,7.30,2039.13
10-Jul-18,7.30,2039.13
11-Jul-18,7.30,2039.13
12-Jul-18,7.30,2039.13
13-Jul-18,7.30,2039.13
14-Jul-18,7.30,2039.13
15-Jul-18,7.30,2039.13
16-Jul-18,7.30,2039.13
17-Jul-18,7.30,2039.13
18-Jul-18,7.30,2039.13
19-Jul-18,7.30,2039.13
20-Jul-18,7.30,2039.13
21-Jul-18,7.30,2039.13
22-Jul-18,7.30,2039.13
23-Jul-18,7.30,2039.13
24-Jul-18,7.30,2039.13
25-Jul-18,7.30,2039.13
26-Jul-18,7.30,2039.13
27-Jul-18,7.30,2039.13
28-Jul-18,7.30,2039.13
29-Jul-18,7.30,2039.13
30-Jul-18,7.30,2039.13
31-Jul-18,7.30,2039.13
1-Aug-18,7.30,2039.13
2-Aug-18,7.30,2039.13
3-Aug-18,7.30,2039.13
4-Aug-18,7.30,2039.13
5-Aug-18,7.30,2039.13
6-Aug-18,7.30,2039.13
7-Aug-18,7.30,2039.13
8-Aug-18,7.30,2039.13
9-Aug-18,7.30,2039.13
10-Aug-18,7.30,2039.13
11-Aug-18,7.30,2039.13
12-Aug-18,7.30,2039.13
13-Aug-18,7.30,2039.13
14-Aug-18,7.30,2039.13
15-Aug-18,7.30,2039.13
16-Aug-18,7.30,2039.13
17-Aug-18,7.30,2039.13
18-Aug-18,7.30,2039.13
19-Aug-18,7.30,2039.13
20-Aug-18,7.30,2039.13
21-Aug-18,7.30,2039.13
22-Aug-18,7.30,2039.13
23-Aug-18,7.30,2039.13
24-Aug-18,7.30,2039.13
25-Aug-18,7.30,2039.13
26-Aug-18,7.30,2039.13
27-Aug-18,7.30,2039.13
28-Aug-18,7.30,2039.13
29-Aug-18,7.30,2039.13
30-Aug-18,7.30,2039.13
31-Aug-18,7.30,2039.13
1-Sep-18,7.30,2039.13
2-Sep-18,7.30,2039.13
3-Sep-18,7.30,2039.13
4-Sep-18,7.30,2039.13
5-Sep-18,7.30,2039.13
6-Sep-18,7.30,2039.13
7-Sep-18,7.30,2039.13
8-Sep-18,7.30,2039.13
9-Sep-18,7.30,2039.13
10-Sep-18,7.30,2039.13
11-Sep-18,7.30,2039.13
12-Sep-18,7.30,2039.13
13-Sep-18,7.30,2039.13
14-Sep-18,7.30,2039.13
15-Sep-18,7.30,2039.13
16-Sep-18,7.30,2039.13
17-Sep-18,7.30,2039.13
18-Sep-18,7.30,2039.13
19-Sep-18,7.30,2039.13
20-Sep-18,7.30,2039.13
21-Sep-18,7.30,2039.13
22-Sep-18,7.30,2039.13
23-Sep-18,7.30,2039.13
24-Sep-18,7.30,2039.13
25-Sep-18,7.30,2039.13
26-Sep-18,7.30,2039.13
27-Sep-18,7.30,2039.13
28-Sep-18,7.30,2039.13
29-Sep-18,7.30,2039.13
30-Sep-18,7.30,2039.13
1-Oct-18,7.30,2039.13
2-Oct-18,7.30,2039.13
3-Oct-18,7.30,2039.13
4-Oct-18,7.30,2039.13
5-Oct-18,7.30,2039.13
6-Oct-18,7.30,2039.13
7-Oct-18,7.30,2039.13
8-Oct-18,7.30,2039.13
9-Oct-18,7.30,2039.13
10-Oct-18,7.30,2039.13
11-Oct-18,7.30,2039.13
12-Oct-18,7.30,2039.13
13-Oct-18,7.30,2039.13
14-Oct-18,7.30,2039.13
15-Oct-18,7.30,2039.13
16-Oct-18,7.30,2039.13
17-Oct-18,7.30,2039.13
18-Oct-18,7.30,2039.13
19-Oct-18,7.30,2039.13
20-Oct-18,7.30,2039.13
21-Oct-18,7.30,2039.13
22-Oct-18,7.30,2039.13
23-Oct-18,7.30,2039.13
24-Oct-18,7.30,2039.13
25-Oct-18,7.30,2039.13
26-Oct-18,7.30,2039.13
27-Oct-18,7.30,2039.13
28-Oct-18,7.30,2039.13
29-Oct-18,7.30,2039.13
30-Oct-18,7.30,2039.13
31-Oct-18,7.30,2039.13
1-Nov-18,7.30,2039.13
2-Nov-18,7.30,2039.13
3-Nov-18,7.30,2039.13
4-Nov-18,7.30,2039.13
5-Nov-18,7.30,2039.13
6-Nov-18,7.30,2039.13
7-Nov-18,7.30,2039.13
8-Nov-18,7.30,2039.13
9-Nov-18,7.30,2039.13
10-Nov-18,7.30,2039.13
11-Nov-18,7.30,2039.13
12-Nov-18,7.30,2039.13
13-Nov-18,7.30,2039.13
14-Nov-18,7.30,2039.13
15-Nov-18,7.30,2039.13
16-Nov-18,7.30,2039.13
17-Nov-18,7.30,2039.13
18-Nov-18,7.30,2039.13
19-Nov-18,7.30,2039.13
20-Nov-18,7.30,2039.13
21-Nov-18,7.30,2039.13
22-Nov-18,7.30,2039.13
23-Nov-18,7.30,2039.13
24-Nov-18,7.30,2039.13
25-Nov-18,7.30,2039.13
26-Nov-18,7.30,2039.13
27-Nov-18,7.30,2039.13
28-Nov-18,7.30,2039.13
29-Nov-18,7.30,2039.13
30-Nov-18,7.30,2039.13
1-Dec-18,7.30,2039.13
2-Dec-18,7.30,2039.13
3-Dec-18,7.30,2039.13
4-Dec-18,7.30,2039.13
5-Dec-18,7.30,2039.13
6-Dec-18,7.30,2039.13
7-Dec-18,7.30,2039.13
8-Dec-18,7.30,2039.13
9-Dec-18,7.30,2039.13
10-Dec-18,7.30,2039.13
11-Dec-18,7.30,2039.13
12-Dec-18,7.30,2039.13
13-Dec-18,7.30,2039.13
14-Dec-18,7.30,2039.13
15-Dec-18,7.30,2039.13
16-Dec-18,7.30,2039.13
17-Dec-18,7.30,2039.13
18-Dec-18,7.30,2039.13
19-Dec-18,7.30,2039.13
20-Dec-18,7.30,2039.13
21-Dec-18,7.30,2039.13
22-Dec-18,7.30,2039.13
23-Dec-18,7.30,2039.13
24-Dec-18,7.30,2039.13
25-Dec-18,7.30,2039.13
26-Dec-18,7.30,2039.13
27-Dec-18,7.30,2039.13
28-Dec-18,7.30,2039.13
29-Dec-18,7.30,2039.13
30-Dec-18,7.30,2039.13
31-Dec-18,7.30,2039.13
1-Jan-17,5.80,2103.59
2-Jan-17,5.80,2103.59
3-Jan-17,5.80,2103.59
4-Jan-17,5.80,2103.59
5-Jan-17,5.80,2103.59
6-Jan-17,5.80,2103.59
7-Jan-17,5.80,2103.59
8-Jan-17,5.80,2103.59
9-Jan-17,5.80,2103.59
10-Jan-17,5.80,2103.59
11-Jan-17,5.80,2103.59
12-Jan-17,5.80,2103.59
13-Jan-17,5.80,2103.59
14-Jan-17,5.80,2103.59
15-Jan-17,5.80,2103.59
16-Jan-17,5.80,2103.59
17-Jan-17,5.80,2103.59
18-Jan-17,5.80,2103.59
19-Jan-17,5.80,2103.59
20-Jan-17,5.80,2103.59
21-Jan-17,5.80,2103.59
22-Jan-17,5.80,2103.59
23-Jan-17,5.80,2103.59
24-Jan-17,5.80,2103.59
25-Jan-17,5.80,2103.59
26-Jan-17,5.80,2103.59
27-Jan-17,5.80,2103.59
28-Jan-17,5.80,2103.59
29-Jan-17,5.80,2103.59
30-Jan-17,5.80,2103.59
31-Jan-17,5.80,2103.59
1-Feb-17,5.80,2103.59
2-Feb-17,5.80,2103.59
3-Feb-17,5.80,2103.59
4-Feb-17,5.80,2103.59
5-Feb-17,5.80,2103.59
6-Feb-17,5.80,2103.59
7-Feb-17,5.80,2103.59
8-Feb-17,5.80,2103.59
9-Feb-17,5.80,2103.59
10-Feb-17,5.80,2103.59
11-Feb-17,5.80,2103.59
12-Feb-17,5.80,2103.59
13-Feb-17,5.80,2103.59
14-Feb-17,5.80,2103.59
15-Feb-17,5.80,2103.59
16-Feb-17,5.80,2103.59
17-Feb-17,5.80,2103.59
18-Feb-17,5.80,2103.59
19-Feb-17,5.80,2103.59
20-Feb-17,5.80,2103.59
21-Feb-17,5.80,2103.59
22-Feb-17,5.80,2103.59
23-Feb-17,5.80,2103.59
24-Feb-17,5.80,2103.59
25-Feb-17,5.80,2103.59
26-Feb-17,5.80,2103.59
27-Feb-17,5.80,2103.59
28-Feb-17,5.80,2103.59
1-Mar-17,5.80,2103.59
2-Mar-17,5.80,2103.59
3-Mar-17,5.80,2103.59
4-Mar-17,5.80,2103.59
5-Mar-17,5.80,2103.59
6-Mar-17,5.80,2103.59
7-Mar-17,5.80,2103.59
8-Mar-17,5.80,2103.59
9-Mar-17,5.80,2103.59
10-Mar-17,5.80,2103.59
11-Mar-17,5.80,2103.59
12-Mar-17,5.80,2103.59
13-Mar-17,5.80,2103.59
14-Mar-17,5.80,2103.59
15-Mar-17,5.80,2103.59
16-Mar-17,5.80,2103.59
17-Mar-17,5.80,2103.59
18-Mar-17,5.80,2103.59
19-Mar-17,5.80,2103.59
20-Mar-17,5.80,2103.59
21-Mar-17,5.80,2103.59
22-Mar-17,5.80,2103.59
23-Mar-17,5.80,2103.59
24-Mar-17,5.80,2103.59
25-Mar-17,5.80,2103.59
26-Mar-17,5.80,2103.59
27-Mar-17,5.80,2103.59
28-Mar-17,5.80,2103.59
29-Mar-17,5.80,2103.59
30-Mar-17,5.80,2103.59
31-Mar-17,5.80,2103.59
1-Apr-17,5.80,2103.59
2-Apr-17,5.80,2103.59
3-Apr-17,5.80,2103.59
4-Apr-17,5.80,2103.59
5-Apr-17,5.80,2103.59
6-Apr-17,5.80,2103.59
7-Apr-17,5.80,2103.59
8-Apr-17,5.80,2103.59
9-Apr-17,5.80,2103.59
10-Apr-17,5.80,2103.59
11-Apr-17,5.80,2103.59
12-Apr-17,5.80,2103.59
13-Apr-17,5.80,2103.59
14-Apr-17,5.80,2103.59
15-Apr-17,5.80,2103.59
16-Apr-17,5.80,2103.59
17-Apr-17,5.80,2103.59
18-Apr-17,5.80,2103.59
19-Apr-17,5.80,2103.59
20-Apr-17,5.80,2103.59
21-Apr-17,5.80,2103.59
22-Apr-17,5.80,2103.59
23-Apr-17,5.80,2103.59
24-Apr-17,5.80,2103.59
25-Apr-17,5.80,2103.59
26-Apr-17,5.80,2103.59
27-Apr-17,5.80,2103.59
28-Apr-17,5.80,2103.59
29-Apr-17,5.80,2103.59
30-Apr-17,5.80,2103.59
1-May-17,5.80,2103.59
2-May-17,5.80,2103.59
3-May-17,5.80,2103.59
4-May-17,5.80,2103.59
5-May-17,5.80,2103.59
6-May-17,5.80,2103.59
7-May-17,5.80,2103.59
8-May-17,5.80,2103.59
9-May-17,5.80,2103.59
10-May-17,5.80,2103.59
11-May-17,5.80,2103.59
12-May-17,5.80,2103.59
13-May-17,5.80,2103.59
14-May-17,5.80,2103.59
15-May-17,5.80,2103.59
16-May-17,5.80,2103.59
17-May-17,5.80,2103.59
18-May-17,5.80,2103.59
19-May-17,5.80,2103.59
20-May-17,5.80,2103.59
21-May-17,5.80,2103.59
22-May-17,5.80,2103.59
23-May-17,5.80,2103.59
24-May-17,5.80,2103.59
25-May-17,5.80,2103.59
26-May-17,5.80,2103.59
27-May-17,5.80,2103.59
28-May-17,5.80,2103.59
29-May-17,5.80,2103.59
30-May-17,5.80,2103.59
31-May-17,5.80,2103.59
1-Jun-17,5.80,2103.59
2-Jun-17,5.80,2103.59
3-Jun-17,5.80,2103.59
4-Jun-17,5.80,2103.59
5-Jun-17,5.80,2103.59
6-Jun-17,5.80,2103.59
7-Jun-17,5.80,2103.59
8-Jun-17,5.80,2103.59
9-Jun-17,5.80,2103.59
10-Jun-17,5.80,2103.59
11-Jun-17,5.80,2103.59
12-Jun-17,5.80,2103.59
13-Jun-17,5.80,2103.59
14-Jun-17,5.80,2103.59
15-Jun-17,5.80,2103.59
16-Jun-17,5.80,2103.59
17-Jun-17,5.80,2103.59
18-Jun-17,5.80,2103.59
19-Jun-17,5.80,2103.59
20-Jun-17,5.80,2103.59
21-Jun-17,5.80,2103.59
22-Jun-17,5.80,2103.59
23-Jun-17,5.80,2103.59
24-Jun-17,5.80,2103.59
25-Jun-17,5.80,2103.59
26-Jun-17,5.80,2103.59
27-Jun-17,5.80,2103.59
28-Jun-17,5.80,2103.59
29-Jun-17,5.80,2103.59
30-Jun-17,5.80,2103.59
1-Jul-17,5.80,2103.59
2-Jul-17,5.80,2103.59
3-Jul-17,5.80,2103.59
4-Jul-17,5.80,2103.59
5-Jul-17,5.80,2103.59
6-Jul-17,5.80,2103.59
7-Jul-17,5.80,2103.59
8-Jul-17,5.80,2103.59
9-Jul-17,5.80,2103.59
10-Jul-17,5.80,2103.59
11-Jul-17,5.80,2103.59
12-Jul-17,5.80,2103.59
13-Jul-17,5.80,2103.59
14-Jul-17,5.80,2103.59
15-Jul-17,5.80,2103.59
16-Jul-17,5.80,2103.59
17-Jul-17,5.80,2103.59
18-Jul-17,5.80,2103.59
19-Jul-17,5.80,2103.59
20-Jul-17,5.80,2103.59
21-Jul-17,5.80,2103.59
22-Jul-17,5.80,2103.59
23-Jul-17,5.80,2103.59
24-Jul-17,5.80,2103.59
25-Jul-17,5.80,2103.59
26-Jul-17,5.80,2103.59
27-Jul-17,5.80,2103.59
28-Jul-17,5.80,2103.59
29-Jul-17,5.80,2103.59
30-Jul-17,5.80,2103.59
31-Jul-17,5.80,2103.59
1-Aug-17,5.80,2103.59
2-Aug-17,5.80,2103.59
3-Aug-17,5.80,2103.59
4-Aug-17,5.80,2103.59
5-Aug-17,5.80,2103.59
6-Aug-17,5.80,2103.59
7-Aug-17,5.80,2103.59
8-Aug-17,5.80,2103.59
9-Aug-17,5.80,2103.59
10-Aug-17,5.80,2103.59
11-Aug-17,5.80,2103.59
12-Aug-17,5.80,2103.59
13-Aug-17,5.80,2103.59
14-Aug-17,5.80,2103.59
15-Aug-17,5.80,2103.59
16-Aug-17,5.80,2103.59
17-Aug-17,5.80,2103.59
18-Aug-17,5.80,2103.59
19-Aug-17,5.80,2103.59
20-Aug-17,5.80,2103.59
21-Aug-17,5.80,2103.59
22-Aug-17,5.80,2103.59
23-Aug-17,5.80,2103.59
24-Aug-17,5.80,2103.59
25-Aug-17,5.80,2103.59
26-Aug-17,5.80,2103.59
27-Aug-17,5.80,2103.59
28-Aug-17,5.80,2103.59
29-Aug-17,5.80,2103.59
30-Aug-17,5.80,2103.59
31-Aug-17,5.80,2103.59
1-Sep-17,5.80,2103.59
2-Sep-17,5.80,2103.59
3-Sep-17,5.80,2103.59
4-Sep-17,5.80,2103.59
5-Sep-17,5.80,2103.59
6-Sep-17,5.80,2103.59
7-Sep-17,5.80,2103.59
8-Sep-17,5.80,2103.59
9-Sep-17,5.80,2103.59
10-Sep-17,5.80,2103.59
11-Sep-17,5.80,2103.59
12-Sep-17,5.80,2103.59
13-Sep-17,5.80,2103.59
14-Sep-17,5.80,2103.59
15-Sep-17,5.80,2103.59
16-Sep-17,5.80,2103.59
17-Sep-17,5.80,2103.59
18-Sep-17,5.80,2103.59
19-Sep-17,5.80,2103.59
20-Sep-17,5.80,2103.59
21-Sep-17,5.80,2103.59
22-Sep-17,5.80,2103.59
23-Sep-17,5.80,2103.59
24-Sep-17,5.80,2103.59
25-Sep-17,5.80,2103.59
26-Sep-17,5.80,2103.59
27-Sep-17,5.80,2103.59
28-Sep-17,5.80,2103.59
29-Sep-17,5.80,2103.59
30-Sep-17,5.80,2103.59
1-Oct-17,5.80,2103.59
2-Oct-17,5.80,2103.59
3-Oct-17,5.80,2103.59
4-Oct-17,5.80,2103.59
5-Oct-17,5.80,2103.59
6-Oct-17,5.80,2103.59
7-Oct-17,5.80,2103.59
8-Oct-17,5.80,2103.59
9-Oct-17,5.80,2103.59
10-Oct-17,5.80,2103.59
11-Oct-17,5.80,2103.59
12-Oct-17,5.80,2103.59
13-Oct-17,5.80,2103.59
14-Oct-17,5.80,2103.59
15-Oct-17,5.80,2103.59
16-Oct-17,5.80,2103.59
17-Oct-17,5.80,2103.59
18-Oct-17,5.80,2103.59
19-Oct-17,5.80,2103.59
20-Oct-17,5.80,2103.59
21-Oct-17,5.80,2103.59
22-Oct-17,5.80,2103.59
23-Oct-17,5.80,2103.59
24-Oct-17,5.80,2103.59
25-Oct-17,5.80,2103.59
26-Oct-17,5.80,2103.59
27-Oct-17,5.80,2103.59
28-Oct-17,5.80,2103.59
29-Oct-17,5.80,2103.59
30-Oct-17,5.80,2103.59
31-Oct-17,5.80,2103.59
1-Nov-17,5.80,2103.59
2-Nov-17,5.80,2103.59
3-Nov-17,5.80,2103.59
4-Nov-17,5.80,2103.59
5-Nov-17,5.80,2103.59
6-Nov-17,5.80,2103.59
7-Nov-17,5.80,2103.59
8-Nov-17,5.80,2103.59
9-Nov-17,5.80,2103.59
10-Nov-17,5.80,2103.59
11-Nov-17,5.80,2103.59
12-Nov-17,5.80,2103.59
13-Nov-17,5.80,2103.59
14-Nov-17,5.80,2103.59
15-Nov-17,5.80,2103.59
16-Nov-17,5.80,2103.59
17-Nov-17,5.80,2103.59
18-Nov-17,5.80,2103.59
19-Nov-17,5.80,2103.59
20-Nov-17,5.80,2103.59
21-Nov-17,5.80,2103.59
22-Nov-17,5.80,2103.59
23-Nov-17,5.80,2103.59
24-Nov-17,5.80,2103.59
25-Nov-17,5.80,2103.59
26-Nov-17,5.80,2103.59
27-Nov-17,5.80,2103.59
28-Nov-17,5.80,2103.59
29-Nov-17,5.80,2103.59
30-Nov-17,5.80,2103.59
1-Dec-17,5.80,2103.59
2-Dec-17,5.80,2103.59
3-Dec-17,5.80,2103.59
4-Dec-17,5.80,2103.59
5-Dec-17,5.80,2103.59
6-Dec-17,5.80,2103.59
7-Dec-17,5.80,2103.59
8-Dec-17,5.80,2103.59
9-Dec-17,5.80,2103.59
10-Dec-17,5.80,2103.59
11-Dec-17,5.80,2103.59
12-Dec-17,5.80,2103.59
13-Dec-17,5.80,2103.59
14-Dec-17,5.80,2103.59
15-Dec-17,5.80,2103.59
16-Dec-17,5.80,2103.59
17-Dec-17,5.80,2103.59
18-Dec-17,5.80,2103.59
19-Dec-17,5.80,2103.59
20-Dec-17,5.80,2103.59
21-Dec-17,5.80,2103.59
22-Dec-17,5.80,2103.59
23-Dec-17,5.80,2103.59
24-Dec-17,5.80,2103.59
25-Dec-17,5.80,2103.59
26-Dec-17,5.80,2103.59
27-Dec-17,5.80,2103.59
28-Dec-17,5.80,2103.59
29-Dec-17,5.80,2103.59
30-Dec-17,5.80,2103.59
31-Dec-17,5.80,2103.59
1-Jan-16,-0.20,2289.75
2-Jan-16,-0.20,2289.75
3-Jan-16,-0.20,2289.75
4-Jan-16,-0.20,2289.75
5-Jan-16,-0.20,2289.75
6-Jan-16,-0.20,2289.75
7-Jan-16,-0.20,2289.75
8-Jan-16,-0.20,2289.75
9-Jan-16,-0.20,2289.75
10-Jan-16,-0.20,2289.75
11-Jan-16,-0.20,2289.75
12-Jan-16,-0.20,2289.75
13-Jan-16,-0.20,2289.75
14-Jan-16,-0.20,2289.75
15-Jan-16,-0.20,2289.75
16-Jan-16,-0.20,2289.75
17-Jan-16,-0.20,2289.75
18-Jan-16,-0.20,2289.75
19-Jan-16,-0.20,2289.75
20-Jan-16,-0.20,2289.75
21-Jan-16,-0.20,2289.75
22-Jan-16,-0.20,2289.75
23-Jan-16,-0.20,2289.75
24-Jan-16,-0.20,2289.75
25-Jan-16,-0.20,2289.75
26-Jan-16,-0.20,2289.75
27-Jan-16,-0.20,2289.75
28-Jan-16,-0.20,2289.75
29-Jan-16,-0.20,2289.75
30-Jan-16,-0.20,2289.75
31-Jan-16,-0.20,2289.75
1-Feb-16,-0.20,2289.75
2-Feb-16,-0.20,2289.75
3-Feb-16,-0.20,2289.75
4-Feb-16,-0.20,2289.75
5-Feb-16,-0.20,2289.75
6-Feb-16,-0.20,2289.75
7-Feb-16,-0.20,2289.75
8-Feb-16,-0.20,2289.75
9-Feb-16,-0.20,2289.75
10-Feb-16,-0.20,2289.75
11-Feb-16,-0.20,2289.75
12-Feb-16,-0.20,2289.75
13-Feb-16,-0.20,2289.75
14-Feb-16,-0.20,2289.75
15-Feb-16,-0.20,2289.75
16-Feb-16,-0.20,2289.75
17-Feb-16,-0.20,2289.75
18-Feb-16,-0.20,2289.75
19-Feb-16,-0.20,2289.75
20-Feb-16,-0.20,2289.75
21-Feb-16,-0.20,2289.75
22-Feb-16,-0.20,2289.75
23-Feb-16,-0.20,2289.75
24-Feb-16,-0.20,2289.75
25-Feb-16,-0.20,2289.75
26-Feb-16,-0.20,2289.75
27-Feb-16,-0.20,2289.75
28-Feb-16,-0.20,2289.75
29-Feb-16,-0.20,2289.75
1-Mar-16,-0.20,2289.75
2-Mar-16,-0.20,2289.75
3-Mar-16,-0.20,2289.75
4-Mar-16,-0.20,2289.75
5-Mar-16,-0.20,2289.75
6-Mar-16,-0.20,2289.75
7-Mar-16,-0.20,2289.75
8-Mar-16,-0.20,2289.75
9-Mar-16,-0.20,2289.75
10-Mar-16,-0.20,2289.75
11-Mar-16,-0.20,2289.75
12-Mar-16,-0.20,2289.75
13-Mar-16,-0.20,2289.75
14-Mar-16,-0.20,2289.75
15-Mar-16,-0.20,2289.75
16-Mar-16,-0.20,2289.75
17-Mar-16,-0.20,2289.75
18-Mar-16,-0.20,2289.75
19-Mar-16,-0.20,2289.75
20-Mar-16,-0.20,2289.75
21-Mar-16,-0.20,2289.75
22-Mar-16,-0.20,2289.75
23-Mar-16,-0.20,2289.75
24-Mar-16,-0.20,2289.75
25-Mar-16,-0.20,2289.75
26-Mar-16,-0.20,2289.75
27-Mar-16,-0.20,2289.75
28-Mar-16,-0.20,2289.75
29-Mar-16,-0.20,2289.75
30-Mar-16,-0.20,2289.75
31-Mar-16,-0.20,2289.75
1-Apr-16,-0.20,2289.75
2-Apr-16,-0.20,2289.75
3-Apr-16,-0.20,2289.75
4-Apr-16,-0.20,2289.75
5-Apr-16,-0.20,2289.75
6-Apr-16,-0.20,2289.75
7-Apr-16,-0.20,2289.75
8-Apr-16,-0.20,2289.75
9-Apr-16,-0.20,2289.75
10-Apr-16,-0.20,2289.75
11-Apr-16,-0.20,2289.75
12-Apr-16,-0.20,2289.75
13-Apr-16,-0.20,2289.75
14-Apr-16,-0.20,2289.75
15-Apr-16,-0.20,2289.75
16-Apr-16,-0.20,2289.75
17-Apr-16,-0.20,2289.75
18-Apr-16,-0.20,2289.75
19-Apr-16,-0.20,2289.75
20-Apr-16,-0.20,2289.75
21-Apr-16,-0.20,2289.75
22-Apr-16,-0.20,2289.75
23-Apr-16,-0.20,2289.75
24-Apr-16,-0.20,2289.75
25-Apr-16,-0.20,2289.75
26-Apr-16,-0.20,2289.75
27-Apr-16,-0.20,2289.75
28-Apr-16,-0.20,2289.75
29-Apr-16,-0.20,2289.75
30-Apr-16,-0.20,2289.75
1-May-16,-0.20,2289.75
2-May-16,-0.20,2289.75
3-May-16,-0.20,2289.75
4-May-16,-0.20,2289.75
5-May-16,-0.20,2289.75
6-May-16,-0.20,2289.75
7-May-16,-0.20,2289.75
8-May-16,-0.20,2289.75
9-May-16,-0.20,2289.75
10-May-16,-0.20,2289.75
11-May-16,-0.20,2289.75
12-May-16,-0.20,2289.75
13-May-16,-0.20,2289.75
14-May-16,-0.20,2289.75
15-May-16,-0.20,2289.75
16-May-16,-0.20,2289.75
17-May-16,-0.20,2289.75
18-May-16,-0.20,2289.75
19-May-16,-0.20,2289.75
20-May-16,-0.20,2289.75
21-May-16,-0.20,2289.75
22-May-16,-0.20,2289.75
23-May-16,-0.20,2289.75
24-May-16,-0.20,2289.75
25-May-16,-0.20,2289.75
26-May-16,-0.20,2289.75
27-May-16,-0.20,2289.75
28-May-16,-0.20,2289.75
29-May-16,-0.20,2289.75
30-May-16,-0.20,2289.75
31-May-16,-0.20,2289.75
1-Jun-16,-0.20,2289.75
2-Jun-16,-0.20,2289.75
3-Jun-16,-0.20,2289.75
4-Jun-16,-0.20,2289.75
5-Jun-16,-0.20,2289.75
6-Jun-16,-0.20,2289.75
7-Jun-16,-0.20,2289.75
8-Jun-16,-0.20,2289.75
9-Jun-16,-0.20,2289.75
10-Jun-16,-0.20,2289.75
11-Jun-16,-0.20,2289.75
12-Jun-16,-0.20,2289.75
13-Jun-16,-0.20,2289.75
14-Jun-16,-0.20,2289.75
15-Jun-16,-0.20,2289.75
16-Jun-16,-0.20,2289.75
17-Jun-16,-0.20,2289.75
18-Jun-16,-0.20,2289.75
19-Jun-16,-0.20,2289.75
20-Jun-16,-0.20,2289.75
21-Jun-16,-0.20,2289.75
22-Jun-16,-0.20,2289.75
23-Jun-16,-0.20,2289.75
24-Jun-16,-0.20,2289.75
25-Jun-16,-0.20,2289.75
26-Jun-16,-0.20,2289.75
27-Jun-16,-0.20,2289.75
28-Jun-16,-0.20,2289.75
29-Jun-16,-0.20,2289.75
30-Jun-16,-0.20,2289.75
1-Jul-16,-0.20,2289.75
2-Jul-16,-0.20,2289.75
3-Jul-16,-0.20,2289.75
4-Jul-16,-0.20,2289.75
5-Jul-16,-0.20,2289.75
6-Jul-16,-0.20,2289.75
7-Jul-16,-0.20,2289.75
8-Jul-16,-0.20,2289.75
9-Jul-16,-0.20,2289.75
10-Jul-16,-0.20,2289.75
11-Jul-16,-0.20,2289.75
12-Jul-16,-0.20,2289.75
13-Jul-16,-0.20,2289.75
14-Jul-16,-0.20,2289.75
15-Jul-16,-0.20,2289.75
16-Jul-16,-0.20,2289.75
17-Jul-16,-0.20,2289.75
18-Jul-16,-0.20,2289.75
19-Jul-16,-0.20,2289.75
20-Jul-16,-0.20,2289.75
21-Jul-16,-0.20,2289.75
22-Jul-16,-0.20,2289.75
23-Jul-16,-0.20,2289.75
24-Jul-16,-0.20,2289.75
25-Jul-16,-0.20,2289.75
26-Jul-16,-0.20,2289.75
27-Jul-16,-0.20,2289.75
28-Jul-16,-0.20,2289.75
29-Jul-16,-0.20,2289.75
30-Jul-16,-0.20,2289.75
31-Jul-16,-0.20,2289.75
1-Aug-16,-0.20,2289.75
2-Aug-16,-0.20,2289.75
3-Aug-16,-0.20,2289.75
4-Aug-16,-0.20,2289.75
5-Aug-16,-0.20,2289.75
6-Aug-16,-0.20,2289.75
7-Aug-16,-0.20,2289.75
8-Aug-16,-0.20,2289.75
9-Aug-16,-0.20,2289.75
10-Aug-16,-0.20,2289.75
11-Aug-16,-0.20,2289.75
12-Aug-16,-0.20,2289.75
13-Aug-16,-0.20,2289.75
14-Aug-16,-0.20,2289.75
15-Aug-16,-0.20,2289.75
16-Aug-16,-0.20,2289.75
17-Aug-16,-0.20,2289.75
18-Aug-16,-0.20,2289.75
19-Aug-16,-0.20,2289.75
20-Aug-16,-0.20,2289.75
21-Aug-16,-0.20,2289.75
22-Aug-16,-0.20,2289.75
23-Aug-16,-0.20,2289.75
24-Aug-16,-0.20,2289.75
25-Aug-16,-0.20,2289.75
26-Aug-16,-0.20,2289.75
27-Aug-16,-0.20,2289.75
28-Aug-16,-0.20,2289.75
29-Aug-16,-0.20,2289.75
30-Aug-16,-0.20,2289.75
31-Aug-16,-0.20,2289.75
1-Sep-16,-0.20,2289.75
2-Sep-16,-0.20,2289.75
3-Sep-16,-0.20,2289.75
4-Sep-16,-0.20,2289.75
5-Sep-16,-0.20,2289.75
6-Sep-16,-0.20,2289.75
7-Sep-16,-0.20,2289.75
8-Sep-16,-0.20,2289.75
9-Sep-16,-0.20,2289.75
10-Sep-16,-0.20,2289.75
11-Sep-16,-0.20,2289.75
12-Sep-16,-0.20,2289.75
13-Sep-16,-0.20,2289.75
14-Sep-16,-0.20,2289.75
15-Sep-16,-0.20,2289.75
16-Sep-16,-0.20,2289.75
17-Sep-16,-0.20,2289.75
18-Sep-16,-0.20,2289.75
19-Sep-16,-0.20,2289.75
20-Sep-16,-0.20,2289.75
21-Sep-16,-0.20,2289.75
22-Sep-16,-0.20,2289.75
23-Sep-16,-0.20,2289.75
24-Sep-16,-0.20,2289.75
25-Sep-16,-0.20,2289.75
26-Sep-16,-0.20,2289.75
27-Sep-16,-0.20,2289.75
28-Sep-16,-0.20,2289.75
29-Sep-16,-0.20,2289.75
30-Sep-16,-0.20,2289.75
1-Oct-16,-0.20,2289.75
2-Oct-16,-0.20,2289.75
3-Oct-16,-0.20,2289.75
4-Oct-16,-0.20,2289.75
5-Oct-16,-0.20,2289.75
6-Oct-16,-0.20,2289.75
7-Oct-16,-0.20,2289.75
8-Oct-16,-0.20,2289.75
9-Oct-16,-0.20,2289.75
10-Oct-16,-0.20,2289.75
11-Oct-16,-0.20,2289.75
12-Oct-16,-0.20,2289.75
13-Oct-16,-0.20,2289.75
14-Oct-16,-0.20,2289.75
15-Oct-16,-0.20,2289.75
16-Oct-16,-0.20,2289.75
17-Oct-16,-0.20,2289.75
18-Oct-16,-0.20,2289.75
19-Oct-16,-0.20,2289.75
20-Oct-16,-0.20,2289.75
21-Oct-16,-0.20,2289.75
22-Oct-16,-0.20,2289.75
23-Oct-16,-0.20,2289.75
24-Oct-16,-0.20,2289.75
25-Oct-16,-0.20,2289.75
26-Oct-16,-0.20,2289.75
27-Oct-16,-0.20,2289.75
28-Oct-16,-0.20,2289.75
29-Oct-16,-0.20,2289.75
30-Oct-16,-0.20,2289.75
31-Oct-16,-0.20,2289.75
1-Nov-16,-0.20,2289.75
2-Nov-16,-0.20,2289.75
3-Nov-16,-0.20,2289.75
4-Nov-16,-0.20,2289.75
5-Nov-16,-0.20,2289.75
6-Nov-16,-0.20,2289.75
7-Nov-16,-0.20,2289.75
8-Nov-16,-0.20,2289.75
9-Nov-16,-0.20,2289.75
10-Nov-16,-0.20,2289.75
11-Nov-16,-0.20,2289.75
12-Nov-16,-0.20,2289.75
13-Nov-16,-0.20,2289.75
14-Nov-16,-0.20,2289.75
15-Nov-16,-0.20,2289.75
16-Nov-16,-0.20,2289.75
17-Nov-16,-0.20,2289.75
18-Nov-16,-0.20,2289.75
19-Nov-16,-0.20,2289.75
20-Nov-16,-0.20,2289.75
21-Nov-16,-0.20,2289.75
22-Nov-16,-0.20,2289.75
23-Nov-16,-0.20,2289.75
24-Nov-16,-0.20,2289.75
25-Nov-16,-0.20,2289.75
26-Nov-16,-0.20,2289.75
27-Nov-16,-0.20,2289.75
28-Nov-16,-0.20,2289.75
29-Nov-16,-0.20,2289.75
30-Nov-16,-0.20,2289.75
1-Dec-16,-0.20,2289.75
2-Dec-16,-0.20,2289.75
3-Dec-16,-0.20,2289.75
4-Dec-16,-0.20,2289.75
5-Dec-16,-0.20,2289.75
6-Dec-16,-0.20,2289.75
7-Dec-16,-0.20,2289.75
8-Dec-16,-0.20,2289.75
9-Dec-16,-0.20,2289.75
10-Dec-16,-0.20,2289.75
11-Dec-16,-0.20,2289.75
12-Dec-16,-0.20,2289.75
13-Dec-16,-0.20,2289.75
14-Dec-16,-0.20,2289.75
15-Dec-16,-0.20,2289.75
16-Dec-16,-0.20,2289.75
17-Dec-16,-0.20,2289.75
18-Dec-16,-0.20,2289.75
19-Dec-16,-0.20,2289.75
20-Dec-16,-0.20,2289.75
21-Dec-16,-0.20,2289.75
22-Dec-16,-0.20,2289.75
23-Dec-16,-0.20,2289.75
24-Dec-16,-0.20,2289.75
25-Dec-16,-0.20,2289.75
26-Dec-16,-0.20,2289.75
27-Dec-16,-0.20,2289.75
28-Dec-16,-0.20,2289.75
29-Dec-16,-0.20,2289.75
30-Dec-16,-0.20,2289.75
31-Dec-16,-0.20,2289.75
1-Jan-15,0.20,2652.25
2-Jan-15,0.20,2652.25
3-Jan-15,0.20,2652.25
4-Jan-15,0.20,2652.25
5-Jan-15,0.20,2652.25
6-Jan-15,0.20,2652.25
7-Jan-15,0.20,2652.25
8-Jan-15,0.20,2652.25
9-Jan-15,0.20,2652.25
10-Jan-15,0.20,2652.25
11-Jan-15,0.20,2652.25
12-Jan-15,0.20,2652.25
13-Jan-15,0.20,2652.25
14-Jan-15,0.20,2652.25
15-Jan-15,0.20,2652.25
16-Jan-15,0.20,2652.25
17-Jan-15,0.20,2652.25
18-Jan-15,0.20,2652.25
19-Jan-15,0.20,2652.25
20-Jan-15,0.20,2652.25
21-Jan-15,0.20,2652.25
22-Jan-15,0.20,2652.25
23-Jan-15,0.20,2652.25
24-Jan-15,0.20,2652.25
25-Jan-15,0.20,2652.25
26-Jan-15,0.20,2652.25
27-Jan-15,0.20,2652.25
28-Jan-15,0.20,2652.25
29-Jan-15,0.20,2652.25
30-Jan-15,0.20,2652.25
31-Jan-15,0.20,2652.25
1-Feb-15,0.20,2652.25
2-Feb-15,0.20,2652.25
3-Feb-15,0.20,2652.25
4-Feb-15,0.20,2652.25
5-Feb-15,0.20,2652.25
6-Feb-15,0.20,2652.25
7-Feb-15,0.20,2652.25
8-Feb-15,0.20,2652.25
9-Feb-15,0.20,2652.25
10-Feb-15,0.20,2652.25
11-Feb-15,0.20,2652.25
12-Feb-15,0.20,2652.25
13-Feb-15,0.20,2652.25
14-Feb-15,0.20,2652.25
15-Feb-15,0.20,2652.25
16-Feb-15,0.20,2652.25
17-Feb-15,0.20,2652.25
18-Feb-15,0.20,2652.25
19-Feb-15,0.20,2652.25
20-Feb-15,0.20,2652.25
21-Feb-15,0.20,2652.25
22-Feb-15,0.20,2652.25
23-Feb-15,0.20,2652.25
24-Feb-15,0.20,2652.25
25-Feb-15,0.20,2652.25
26-Feb-15,0.20,2652.25
27-Feb-15,0.20,2652.25
28-Feb-15,0.20,2652.25
1-Mar-15,0.20,2652.25
2-Mar-15,0.20,2652.25
3-Mar-15,0.20,2652.25
4-Mar-15,0.20,2652.25
5-Mar-15,0.20,2652.25
6-Mar-15,0.20,2652.25
7-Mar-15,0.20,2652.25
8-Mar-15,0.20,2652.25
9-Mar-15,0.20,2652.25
10-Mar-15,0.20,2652.25
11-Mar-15,0.20,2652.25
12-Mar-15,0.20,2652.25
13-Mar-15,0.20,2652.25
14-Mar-15,0.20,2652.25
15-Mar-15,0.20,2652.25
16-Mar-15,0.20,2652.25
17-Mar-15,0.20,2652.25
18-Mar-15,0.20,2652.25
19-Mar-15,0.20,2652.25
20-Mar-15,0.20,2652.25
21-Mar-15,0.20,2652.25
22-Mar-15,0.20,2652.25
23-Mar-15,0.20,2652.25
24-Mar-15,0.20,2652.25
25-Mar-15,0.20,2652.25
26-Mar-15,0.20,2652.25
27-Mar-15,0.20,2652.25
28-Mar-15,0.20,2652.25
29-Mar-15,0.20,2652.25
30-Mar-15,0.20,2652.25
31-Mar-15,0.20,2652.25
1-Apr-15,0.20,2652.25
2-Apr-15,0.20,2652.25
3-Apr-15,0.20,2652.25
4-Apr-15,0.20,2652.25
5-Apr-15,0.20,2652.25
6-Apr-15,0.20,2652.25
7-Apr-15,0.20,2652.25
8-Apr-15,0.20,2652.25
9-Apr-15,0.20,2652.25
10-Apr-15,0.20,2652.25
11-Apr-15,0.20,2652.25
12-Apr-15,0.20,2652.25
13-Apr-15,0.20,2652.25
14-Apr-15,0.20,2652.25
15-Apr-15,0.20,2652.25
16-Apr-15,0.20,2652.25
17-Apr-15,0.20,2652.25
18-Apr-15,0.20,2652.25
19-Apr-15,0.20,2652.25
20-Apr-15,0.20,2652.25
21-Apr-15,0.20,2652.25
22-Apr-15,0.20,2652.25
23-Apr-15,0.20,2652.25
24-Apr-15,0.20,2652.25
25-Apr-15,0.20,2652.25
26-Apr-15,0.20,2652.25
27-Apr-15,0.20,2652.25
28-Apr-15,0.20,2652.25
29-Apr-15,0.20,2652.25
30-Apr-15,0.20,2652.25
1-May-15,0.20,2652.25
2-May-15,0.20,2652.25
3-May-15,0.20,2652.25
4-May-15,0.20,2652.25
5-May-15,0.20,2652.25
6-May-15,0.20,2652.25
7-May-15,0.20,2652.25
8-May-15,0.20,2652.25
9-May-15,0.20,2652.25
10-May-15,0.20,2652.25
11-May-15,0.20,2652.25
12-May-15,0.20,2652.25
13-May-15,0.20,2652.25
14-May-15,0.20,2652.25
15-May-15,0.20,2652.25
16-May-15,0.20,2652.25
17-May-15,0.20,2652.25
18-May-15,0.20,2652.25
19-May-15,0.20,2652.25
20-May-15,0.20,2652.25
21-May-15,0.20,2652.25
22-May-15,0.20,2652.25
23-May-15,0.20,2652.25
24-May-15,0.20,2652.25
25-May-15,0.20,2652.25
26-May-15,0.20,2652.25
27-May-15,0.20,2652.25
28-May-15,0.20,2652.25
29-May-15,0.20,2652.25
30-May-15,0.20,2652.25
31-May-15,0.20,2652.25
1-Jun-15,0.20,2652.25
2-Jun-15,0.20,2652.25
3-Jun-15,0.20,2652.25
4-Jun-15,0.20,2652.25
5-Jun-15,0.20,2652.25
6-Jun-15,0.20,2652.25
7-Jun-15,0.20,2652.25
8-Jun-15,0.20,2652.25
9-Jun-15,0.20,2652.25
10-Jun-15,0.20,2652.25
11-Jun-15,0.20,2652.25
12-Jun-15,0.20,2652.25
13-Jun-15,0.20,2652.25
14-Jun-15,0.20,2652.25
15-Jun-15,0.20,2652.25
16-Jun-15,0.20,2652.25
17-Jun-15,0.20,2652.25
18-Jun-15,0.20,2652.25
19-Jun-15,0.20,2652.25
20-Jun-15,0.20,2652.25
21-Jun-15,0.20,2652.25
22-Jun-15,0.20,2652.25
23-Jun-15,0.20,2652.25
24-Jun-15,0.20,2652.25
25-Jun-15,0.20,2652.25
26-Jun-15,0.20,2652.25
27-Jun-15,0.20,2652.25
28-Jun-15,0.20,2652.25
29-Jun-15,0.20,2652.25
30-Jun-15,0.20,2652.25
1-Jul-15,0.20,2652.25
2-Jul-15,0.20,2652.25
3-Jul-15,0.20,2652.25
4-Jul-15,0.20,2652.25
5-Jul-15,0.20,2652.25
6-Jul-15,0.20,2652.25
7-Jul-15,0.20,2652.25
8-Jul-15,0.20,2652.25
9-Jul-15,0.20,2652.25
10-Jul-15,0.20,2652.25
11-Jul-15,0.20,2652.25
12-Jul-15,0.20,2652.25
13-Jul-15,0.20,2652.25
14-Jul-15,0.20,2652.25
15-Jul-15,0.20,2652.25
16-Jul-15,0.20,2652.25
17-Jul-15,0.20,2652.25
18-Jul-15,0.20,2652.25
19-Jul-15,0.20,2652.25
20-Jul-15,0.20,2652.25
21-Jul-15,0.20,2652.25
22-Jul-15,0.20,2652.25
23-Jul-15,0.20,2652.25
24-Jul-15,0.20,2652.25
25-Jul-15,0.20,2652.25
26-Jul-15,0.20,2652.25
27-Jul-15,0.20,2652.25
28-Jul-15,0.20,2652.25
29-Jul-15,0.20,2652.25
30-Jul-15,0.20,2652.25
31-Jul-15,0.20,2652.25
1-Aug-15,0.20,2652.25
2-Aug-15,0.20,2652.25
3-Aug-15,0.20,2652.25
4-Aug-15,0.20,2652.25
5-Aug-15,0.20,2652.25
6-Aug-15,0.20,2652.25
7-Aug-15,0.20,2652.25
8-Aug-15,0.20,2652.25
9-Aug-15,0.20,2652.25
10-Aug-15,0.20,2652.25
11-Aug-15,0.20,2652.25
12-Aug-15,0.20,2652.25
13-Aug-15,0.20,2652.25
14-Aug-15,0.20,2652.25
15-Aug-15,0.20,2652.25
16-Aug-15,0.20,2652.25
17-Aug-15,0.20,2652.25
18-Aug-15,0.20,2652.25
19-Aug-15,0.20,2652.25
20-Aug-15,0.20,2652.25
21-Aug-15,0.20,2652.25
22-Aug-15,0.20,2652.25
23-Aug-15,0.20,2652.25
24-Aug-15,0.20,2652.25
25-Aug-15,0.20,2652.25
26-Aug-15,0.20,2652.25
27-Aug-15,0.20,2652.25
28-Aug-15,0.20,2652.25
29-Aug-15,0.20,2652.25
30-Aug-15,0.20,2652.25
31-Aug-15,0.20,2652.25
1-Sep-15,0.20,2652.25
2-Sep-15,0.20,2652.25
3-Sep-15,0.20,2652.25
4-Sep-15,0.20,2652.25
5-Sep-15,0.20,2652.25
6-Sep-15,0.20,2652.25
7-Sep-15,0.20,2652.25
8-Sep-15,0.20,2652.25
9-Sep-15,0.20,2652.25
10-Sep-15,0.20,2652.25
11-Sep-15,0.20,2652.25
12-Sep-15,0.20,2652.25
13-Sep-15,0.20,2652.25
14-Sep-15,0.20,2652.25
15-Sep-15,0.20,2652.25
16-Sep-15,0.20,2652.25
17-Sep-15,0.20,2652.25
18-Sep-15,0.20,2652.25
19-Sep-15,0.20,2652.25
20-Sep-15,0.20,2652.25
21-Sep-15,0.20,2652.25
22-Sep-15,0.20,2652.25
23-Sep-15,0.20,2652.25
24-Sep-15,0.20,2652.25
25-Sep-15,0.20,2652.25
26-Sep-15,0.20,2652.25
27-Sep-15,0.20,2652.25
28-Sep-15,0.20,2652.25
29-Sep-15,0.20,2652.25
30-Sep-15,0.20,2652.25
1-Oct-15,0.20,2652.25
2-Oct-15,0.20,2652.25
3-Oct-15,0.20,2652.25
4-Oct-15,0.20,2652.25
5-Oct-15,0.20,2652.25
6-Oct-15,0.20,2652.25
7-Oct-15,0.20,2652.25
8-Oct-15,0.20,2652.25
9-Oct-15,0.20,2652.25
10-Oct-15,0.20,2652.25
11-Oct-15,0.20,2652.25
12-Oct-15,0.20,2652.25
13-Oct-15,0.20,2652.25
14-Oct-15,0.20,2652.25
15-Oct-15,0.20,2652.25
16-Oct-15,0.20,2652.25
17-Oct-15,0.20,2652.25
18-Oct-15,0.20,2652.25
19-Oct-15,0.20,2652.25
20-Oct-15,0.20,2652.25
21-Oct-15,0.20,2652.25
22-Oct-15,0.20,2652.25
23-Oct-15,0.20,2652.25
24-Oct-15,0.20,2652.25
25-Oct-15,0.20,2652.25
26-Oct-15,0.20,2652.25
27-Oct-15,0.20,2652.25
28-Oct-15,0.20,2652.25
29-Oct-15,0.20,2652.25
30-Oct-15,0.20,2652.25
31-Oct-15,0.20,2652.25
1-Nov-15,0.20,2652.25
2-Nov-15,0.20,2652.25
3-Nov-15,0.20,2652.25
4-Nov-15,0.20,2652.25
5-Nov-15,0.20,2652.25
6-Nov-15,0.20,2652.25
7-Nov-15,0.20,2652.25
8-Nov-15,0.20,2652.25
9-Nov-15,0.20,2652.25
10-Nov-15,0.20,2652.25
11-Nov-15,0.20,2652.25
12-Nov-15,0.20,2652.25
13-Nov-15,0.20,2652.25
14-Nov-15,0.20,2652.25
15-Nov-15,0.20,2652.25
16-Nov-15,0.20,2652.25
17-Nov-15,0.20,2652.25
18-Nov-15,0.20,2652.25
19-Nov-15,0.20,2652.25
20-Nov-15,0.20,2652.25
21-Nov-15,0.20,2652.25
22-Nov-15,0.20,2652.25
23-Nov-15,0.20,2652.25
24-Nov-15,0.20,2652.25
25-Nov-15,0.20,2652.25
26-Nov-15,0.20,2652.25
27-Nov-15,0.20,2652.25
28-Nov-15,0.20,2652.25
29-Nov-15,0.20,2652.25
30-Nov-15,0.20,2652.25
1-Dec-15,0.20,2652.25
2-Dec-15,0.20,2652.25
3-Dec-15,0.20,2652.25
4-Dec-15,0.20,2652.25
5-Dec-15,0.20,2652.25
6-Dec-15,0.20,2652.25
7-Dec-15,0.20,2652.25
8-Dec-15,0.20,2652.25
9-Dec-15,0.20,2652.25
10-Dec-15,0.20,2652.25
11-Dec-15,0.20,2652.25
12-Dec-15,0.20,2652.25
13-Dec-15,0.20,2652.25
14-Dec-15,0.20,2652.25
15-Dec-15,0.20,2652.25
16-Dec-15,0.20,2652.25
17-Dec-15,0.20,2652.25
18-Dec-15,0.20,2652.25
19-Dec-15,0.20,2652.25
20-Dec-15,0.20,2652.25
21-Dec-15,0.20,2652.25
22-Dec-15,0.20,2652.25
23-Dec-15,0.20,2652.25
24-Dec-15,0.20,2652.25
25-Dec-15,0.20,2652.25
26-Dec-15,0.20,2652.25
27-Dec-15,0.20,2652.25
28-Dec-15,0.20,2652.25
29-Dec-15,0.20,2652.25
30-Dec-15,0.20,2652.25
31-Dec-15,0.20,2652.25
1-Jan-14,4.20,2718.73
2-Jan-14,4.20,2718.73
3-Jan-14,4.20,2718.73
4-Jan-14,4.20,2718.73
5-Jan-14,4.20,2718.73
6-Jan-14,4.20,2718.73
7-Jan-14,4.20,2718.73
8-Jan-14,4.20,2718.73
9-Jan-14,4.20,2718.73
10-Jan-14,4.20,2718.73
11-Jan-14,4.20,2718.73
12-Jan-14,4.20,2718.73
13-Jan-14,4.20,2718.73
14-Jan-14,4.20,2718.73
15-Jan-14,4.20,2718.73
16-Jan-14,4.20,2718.73
17-Jan-14,4.20,2718.73
18-Jan-14,4.20,2718.73
19-Jan-14,4.20,2718.73
20-Jan-14,4.20,2718.73
21-Jan-14,4.20,2718.73
22-Jan-14,4.20,2718.73
23-Jan-14,4.20,2718.73
24-Jan-14,4.20,2718.73
25-Jan-14,4.20,2718.73
26-Jan-14,4.20,2718.73
27-Jan-14,4.20,2718.73
28-Jan-14,4.20,2718.73
29-Jan-14,4.20,2718.73
30-Jan-14,4.20,2718.73
31-Jan-14,4.20,2718.73
1-Feb-14,4.20,2718.73
2-Feb-14,4.20,2718.73
3-Feb-14,4.20,2718.73
4-Feb-14,4.20,2718.73
5-Feb-14,4.20,2718.73
6-Feb-14,4.20,2718.73
7-Feb-14,4.20,2718.73
8-Feb-14,4.20,2718.73
9-Feb-14,4.20,2718.73
10-Feb-14,4.20,2718.73
11-Feb-14,4.20,2718.73
12-Feb-14,4.20,2718.73
13-Feb-14,4.20,2718.73
14-Feb-14,4.20,2718.73
15-Feb-14,4.20,2718.73
16-Feb-14,4.20,2718.73
17-Feb-14,4.20,2718.73
18-Feb-14,4.20,2718.73
19-Feb-14,4.20,2718.73
20-Feb-14,4.20,2718.73
21-Feb-14,4.20,2718.73
22-Feb-14,4.20,2718.73
23-Feb-14,4.20,2718.73
24-Feb-14,4.20,2718.73
25-Feb-14,4.20,2718.73
26-Feb-14,4.20,2718.73
27-Feb-14,4.20,2718.73
28-Feb-14,4.20,2718.73
1-Mar-14,4.20,2718.73
2-Mar-14,4.20,2718.73
3-Mar-14,4.20,2718.73
4-Mar-14,4.20,2718.73
5-Mar-14,4.20,2718.73
6-Mar-14,4.20,2718.73
7-Mar-14,4.20,2718.73
8-Mar-14,4.20,2718.73
9-Mar-14,4.20,2718.73
10-Mar-14,4.20,2718.73
11-Mar-14,4.20,2718.73
12-Mar-14,4.20,2718.73
13-Mar-14,4.20,2718.73
14-Mar-14,4.20,2718.73
15-Mar-14,4.20,2718.73
16-Mar-14,4.20,2718.73
17-Mar-14,4.20,2718.73
18-Mar-14,4.20,2718.73
19-Mar-14,4.20,2718.73
20-Mar-14,4.20,2718.73
21-Mar-14,4.20,2718.73
22-Mar-14,4.20,2718.73
23-Mar-14,4.20,2718.73
24-Mar-14,4.20,2718.73
25-Mar-14,4.20,2718.73
26-Mar-14,4.20,2718.73
27-Mar-14,4.20,2718.73
28-Mar-14,4.20,2718.73
29-Mar-14,4.20,2718.73
30-Mar-14,4.20,2718.73
31-Mar-14,4.20,2718.73
1-Apr-14,4.20,2718.73
2-Apr-14,4.20,2718.73
3-Apr-14,4.20,2718.73
4-Apr-14,4.20,2718.73
5-Apr-14,4.20,2718.73
6-Apr-14,4.20,2718.73
7-Apr-14,4.20,2718.73
8-Apr-14,4.20,2718.73
9-Apr-14,4.20,2718.73
10-Apr-14,4.20,2718.73
11-Apr-14,4.20,2718.73
12-Apr-14,4.20,2718.73
13-Apr-14,4.20,2718.73
14-Apr-14,4.20,2718.73
15-Apr-14,4.20,2718.73
16-Apr-14,4.20,2718.73
17-Apr-14,4.20,2718.73
18-Apr-14,4.20,2718.73
19-Apr-14,4.20,2718.73
20-Apr-14,4.20,2718.73
21-Apr-14,4.20,2718.73
22-Apr-14,4.20,2718.73
23-Apr-14,4.20,2718.73
24-Apr-14,4.20,2718.73
25-Apr-14,4.20,2718.73
26-Apr-14,4.20,2718.73
27-Apr-14,4.20,2718.73
28-Apr-14,4.20,2718.73
29-Apr-14,4.20,2718.73
30-Apr-14,4.20,2718.73
1-May-14,4.20,2718.73
2-May-14,4.20,2718.73
3-May-14,4.20,2718.73
4-May-14,4.20,2718.73
5-May-14,4.20,2718.73
6-May-14,4.20,2718.73
7-May-14,4.20,2718.73
8-May-14,4.20,2718.73
9-May-14,4.20,2718.73
10-May-14,4.20,2718.73
11-May-14,4.20,2718.73
12-May-14,4.20,2718.73
13-May-14,4.20,2718.73
14-May-14,4.20,2718.73
15-May-14,4.20,2718.73
16-May-14,4.20,2718.73
17-May-14,4.20,2718.73
18-May-14,4.20,2718.73
19-May-14,4.20,2718.73
20-May-14,4.20,2718.73
21-May-14,4.20,2718.73
22-May-14,4.20,2718.73
23-May-14,4.20,2718.73
24-May-14,4.20,2718.73
25-May-14,4.20,2718.73
26-May-14,4.20,2718.73
27-May-14,4.20,2718.73
28-May-14,4.20,2718.73
29-May-14,4.20,2718.73
30-May-14,4.20,2718.73
31-May-14,4.20,2718.73
1-Jun-14,4.20,2718.73
2-Jun-14,4.20,2718.73
3-Jun-14,4.20,2718.73
4-Jun-14,4.20,2718.73
5-Jun-14,4.20,2718.73
6-Jun-14,4.20,2718.73
7-Jun-14,4.20,2718.73
8-Jun-14,4.20,2718.73
9-Jun-14,4.20,2718.73
10-Jun-14,4.20,2718.73
11-Jun-14,4.20,2718.73
12-Jun-14,4.20,2718.73
13-Jun-14,4.20,2718.73
14-Jun-14,4.20,2718.73
15-Jun-14,4.20,2718.73
16-Jun-14,4.20,2718.73
17-Jun-14,4.20,2718.73
18-Jun-14,4.20,2718.73
19-Jun-14,4.20,2718.73
20-Jun-14,4.20,2718.73
21-Jun-14,4.20,2718.73
22-Jun-14,4.20,2718.73
23-Jun-14,4.20,2718.73
24-Jun-14,4.20,2718.73
25-Jun-14,4.20,2718.73
26-Jun-14,4.20,2718.73
27-Jun-14,4.20,2718.73
28-Jun-14,4.20,2718.73
29-Jun-14,4.20,2718.73
30-Jun-14,4.20,2718.73
1-Jul-14,4.20,2718.73
2-Jul-14,4.20,2718.73
3-Jul-14,4.20,2718.73
4-Jul-14,4.20,2718.73
5-Jul-14,4.20,2718.73
6-Jul-14,4.20,2718.73
7-Jul-14,4.20,2718.73
8-Jul-14,4.20,2718.73
9-Jul-14,4.20,2718.73
10-Jul-14,4.20,2718.73
11-Jul-14,4.20,2718.73
12-Jul-14,4.20,2718.73
13-Jul-14,4.20,2718.73
14-Jul-14,4.20,2718.73
15-Jul-14,4.20,2718.73
16-Jul-14,4.20,2718.73
17-Jul-14,4.20,2718.73
18-Jul-14,4.20,2718.73
19-Jul-14,4.20,2718.73
20-Jul-14,4.20,2718.73
21-Jul-14,4.20,2718.73
22-Jul-14,4.20,2718.73
23-Jul-14,4.20,2718.73
24-Jul-14,4.20,2718.73
25-Jul-14,4.20,2718.73
26-Jul-14,4.20,2718.73
27-Jul-14,4.20,2718.73
28-Jul-14,4.20,2718.73
29-Jul-14,4.20,2718.73
30-Jul-14,4.20,2718.73
31-Jul-14,4.20,2718.73
1-Aug-14,4.20,2718.73
2-Aug-14,4.20,2718.73
3-Aug-14,4.20,2718.73
4-Aug-14,4.20,2718.73
5-Aug-14,4.20,2718.73
6-Aug-14,4.20,2718.73
7-Aug-14,4.20,2718.73
8-Aug-14,4.20,2718.73
9-Aug-14,4.20,2718.73
10-Aug-14,4.20,2718.73
11-Aug-14,4.20,2718.73
12-Aug-14,4.20,2718.73
13-Aug-14,4.20,2718.73
14-Aug-14,4.20,2718.73
15-Aug-14,4.20,2718.73
16-Aug-14,4.20,2718.73
17-Aug-14,4.20,2718.73
18-Aug-14,4.20,2718.73
19-Aug-14,4.20,2718.73
20-Aug-14,4.20,2718.73
21-Aug-14,4.20,2718.73
22-Aug-14,4.20,2718.73
23-Aug-14,4.20,2718.73
24-Aug-14,4.20,2718.73
25-Aug-14,4.20,2718.73
26-Aug-14,4.20,2718.73
27-Aug-14,4.20,2718.73
28-Aug-14,4.20,2718.73
29-Aug-14,4.20,2718.73
30-Aug-14,4.20,2718.73
31-Aug-14,4.20,2718.73
1-Sep-14,4.20,2718.73
2-Sep-14,4.20,2718.73
3-Sep-14,4.20,2718.73
4-Sep-14,4.20,2718.73
5-Sep-14,4.20,2718.73
6-Sep-14,4.20,2718.73
7-Sep-14,4.20,2718.73
8-Sep-14,4.20,2718.73
9-Sep-14,4.20,2718.73
10-Sep-14,4.20,2718.73
11-Sep-14,4.20,2718.73
12-Sep-14,4.20,2718.73
13-Sep-14,4.20,2718.73
14-Sep-14,4.20,2718.73
15-Sep-14,4.20,2718.73
16-Sep-14,4.20,2718.73
17-Sep-14,4.20,2718.73
18-Sep-14,4.20,2718.73
19-Sep-14,4.20,2718.73
20-Sep-14,4.20,2718.73
21-Sep-14,4.20,2718.73
22-Sep-14,4.20,2718.73
23-Sep-14,4.20,2718.73
24-Sep-14,4.20,2718.73
25-Sep-14,4.20,2718.73
26-Sep-14,4.20,2718.73
27-Sep-14,4.20,2718.73
28-Sep-14,4.20,2718.73
29-Sep-14,4.20,2718.73
30-Sep-14,4.20,2718.73
1-Oct-14,4.20,2718.73
2-Oct-14,4.20,2718.73
3-Oct-14,4.20,2718.73
4-Oct-14,4.20,2718.73
5-Oct-14,4.20,2718.73
6-Oct-14,4.20,2718.73
7-Oct-14,4.20,2718.73
8-Oct-14,4.20,2718.73
9-Oct-14,4.20,2718.73
10-Oct-14,4.20,2718.73
11-Oct-14,4.20,2718.73
12-Oct-14,4.20,2718.73
13-Oct-14,4.20,2718.73
14-Oct-14,4.20,2718.73
15-Oct-14,4.20,2718.73
16-Oct-14,4.20,2718.73
17-Oct-14,4.20,2718.73
18-Oct-14,4.20,2718.73
19-Oct-14,4.20,2718.73
20-Oct-14,4.20,2718.73
21-Oct-14,4.20,2718.73
22-Oct-14,4.20,2718.73
23-Oct-14,4.20,2718.73
24-Oct-14,4.20,2718.73
25-Oct-14,4.20,2718.73
26-Oct-14,4.20,2718.73
27-Oct-14,4.20,2718.73
28-Oct-14,4.20,2718.73
29-Oct-14,4.20,2718.73
30-Oct-14,4.20,2718.73
31-Oct-14,4.20,2718.73
1-Nov-14,4.20,2718.73
2-Nov-14,4.20,2718.73
3-Nov-14,4.20,2718.73
4-Nov-14,4.20,2718.73
5-Nov-14,4.20,2718.73
6-Nov-14,4.20,2718.73
7-Nov-14,4.20,2718.73
8-Nov-14,4.20,2718.73
9-Nov-14,4.20,2718.73
10-Nov-14,4.20,2718.73
11-Nov-14,4.20,2718.73
12-Nov-14,4.20,2718.73
13-Nov-14,4.20,2718.73
14-Nov-14,4.20,2718.73
15-Nov-14,4.20,2718.73
16-Nov-14,4.20,2718.73
17-Nov-14,4.20,2718.73
18-Nov-14,4.20,2718.73
19-Nov-14,4.20,2718.73
20-Nov-14,4.20,2718.73
21-Nov-14,4.20,2718.73
22-Nov-14,4.20,2718.73
23-Nov-14,4.20,2718.73
24-Nov-14,4.20,2718.73
25-Nov-14,4.20,2718.73
26-Nov-14,4.20,2718.73
27-Nov-14,4.20,2718.73
28-Nov-14,4.20,2718.73
29-Nov-14,4.20,2718.73
30-Nov-14,4.20,2718.73
1-Dec-14,4.20,2718.73
2-Dec-14,4.20,2718.73
3-Dec-14,4.20,2718.73
4-Dec-14,4.20,2718.73
5-Dec-14,4.20,2718.73
6-Dec-14,4.20,2718.73
7-Dec-14,4.20,2718.73
8-Dec-14,4.20,2718.73
9-Dec-14,4.20,2718.73
10-Dec-14,4.20,2718.73
11-Dec-14,4.20,2718.73
12-Dec-14,4.20,2718.73
13-Dec-14,4.20,2718.73
14-Dec-14,4.20,2718.73
15-Dec-14,4.20,2718.73
16-Dec-14,4.20,2718.73
17-Dec-14,4.20,2718.73
18-Dec-14,4.20,2718.73
19-Dec-14,4.20,2718.73
20-Dec-14,4.20,2718.73
21-Dec-14,4.20,2718.73
22-Dec-14,4.20,2718.73
23-Dec-14,4.20,2718.73
24-Dec-14,4.20,2718.73
25-Dec-14,4.20,2718.73
26-Dec-14,4.20,2718.73
27-Dec-14,4.20,2718.73
28-Dec-14,4.20,2718.73
29-Dec-14,4.20,2718.73
30-Dec-14,4.20,2718.73
31-Dec-14,4.20,2718.73